index,site.num,mgt.data,res.rank,nw.lat,nw.lon,elev.m,max.slope,tot.border.m,p.trees.bord,p.treerow.bord,p.forest.bord,p.ag.bord,p.house.bord,p.road,closest.forest.m,closest.road.m,bare.patch.m,bare.patch.num,grs.wtwy,trans.grswtwy,grass.waterway.m,nearest.stream.m,num.fld.corners,perim.m,ha,edge.interior,amata.sd.m2,SOC.pc,P.ppm,K.ppm,Mg.ppm,Ca.ppm,pH,buff.pH,CEC,K.pc,Mg.pc,Ca.pc,S.ppm,Zn.ppm,Mn.ppm,Fe.ppm,Cu.ppm,B.ppm,NO3.ppm,NH4.ppm,c.n.ratio,som.pc.comb,totN.pc,bulk.dens,sand.pc,silt.pc,clay.pc,texture,whc.0.33.bar,whc.15.bar,low.spot,watercourse.infld,watercourse.side,manure,crop.2010,border.wh.2010,amata.infest.2010,amata.absent.2010,amata.high.2010,ABUTH.2010,AMAsp.2010,AMBEL.2010,AMBTR.2010,CHEAL.2010,ERICA.2010,grass.2010,IPOHE.2010,SIDSP.2010,XANST.2010
1,1,no,top,39.060276,-125.303601,181,0.003,2339,0.42,0.34,0.08,0,0,0.59,182,214,29,2,yes,yes,618.27,193.08,4,2284,28.3,0.0081,4547,2.1,19,93,120,900,5.3,6.7,9.3,2.6,10.7,48.2,12,2,47,58,1,0.2,39,3,8.2,1.2,0.148,1.28,20,64,16,silt.loam,29.63,7.52,0,1,0,0,Soybean,1,M,0,0,0,0,0,0,0,1,0,0,0,0
2,2,no,top,39.063887,-125.307289,183,0.007,1037,0.51,0.08,0.43,0,0,0.53,99,68,187,3,no,no,236.91,233.5,6,1016,7.3,0.0139,1162,2.4,39,116,110,950,5.4,6.7,9.6,3.1,9.6,49.7,11,2,42,70,1,0.2,35,3,8.6,1.4,0.162,1.21,14,66,20,silt.loam,29.74,8.75,0,0,0,0,Soybean,1,H,0,1,0,0,0,0,0,0,0,0,0,0
3,3,no,middle,39.057818,-125.297009,180,0.008,1583,0.16,0.16,0,0.34,0.11,0.51,337,162,615,6,yes,no,404.88,418.84,4,1528,13.9,0.011,2055,2.1,33,135,125,950,5.7,6.8,8.5,4.1,12.2,55.6,17,2,46,49,0.8,0.2,34,3,8.7,1.2,0.14,1.36,20,64,16,silt.loam,27.05,6.97,0,0,0,0,Soybean,1,M,0,0,0,0,0,0,0,0,0,0,0,0
4,4,no,middle,39.056598,-125.298017,180,0.009,1618,0.350432633,0.04,0,0.68,0.03,0.569839308,210,304,215,4,yes,no,552.08,550.41,19,1956,13.8,0.0141,1067,2.5,27,169,115,850,5.5,6.7,9.2,4.7,10.4,46,14,1,51,47,0.8,0.2,30,2,9.9,1.5,0.147,1.32,18,66,16,silt.loam,26.68,7.59,0,0,0,0,Soybean,1,M,0,1,0,0,0,0,0,0,0,0,0,0
5,5,no,top,39.053368,-125.302063,180,0.01,654,0.99,0.1,0.89,0,0,0.01,31,403,22,1,yes,no,200.25,464.23,18,672,2.2,0.0307,596,2.3,19,116,100,700,5.4,6.7,8.2,3.6,10.1,42.5,9,5,54,35,1.3,0.2,32,2,8.2,1.3,0.163,1.29,20,62,18,silt.loam,25.77,7.34,0,0,0,0,Soybean,1,M,0,0,0,0,0,0,0,0,0,0,0,0
6,6,no,top,39.053169,-125.298126,180,0.011,1028,0.35,0,0.35,0,0,0.66,70,59,26,1,yes,no,72.32,690.05,17,1170,4.6,0.0256,13099,2.7,30,137,140,1250,6.7,6.9,9,3.9,13,69.7,19,2,58,43,0.8,0.2,41,2,11,1.6,0.142,1.29,18,64,18,silt.loam,26.65,7.27,0,0,0,0,Soybean,1,L,0,0,0,0,0,0,0,0,0,0,0,0
7,7,no,middle,39.058263,-125.294838,176,0.015,1044,0.55,0.29,0.26,0,0.07,0.36,56,160,337,2,yes,no,80.78,287.32,11,1128,6.1,0.0186,1215,3,20,106,165,1100,6,6.8,9.5,2.8,14.4,57.6,13,2,50,30,0.7,0.2,33,2,9.7,1.7,0.179,1.31,20,60,20,silt.loam,28.65,8.67,1,1,0,0,Soybean,1,L,0,0,0,0,0,0,0,0,0,0,0,0
8,8,no,bottom,39.05436,-125.291367,176,0.011,1673,0.728631201,0,0.53,0.15,0,0.404662283,69,61,53,3,no,no,0,221.96,16,1763,19.8,0.0089,1533,2.4,17,113,185,1200,6.5,6.9,9,3.2,17.1,66.4,13,2,50,20,0.7,0.2,36,2,9.4,1.4,0.148,1.27,22,60,18,silt.loam,28.54,8.57,0,0,0,0,Soybean,1,L,0,0,0,0,0,0,0,0,0,1,0,0
9,10,no,middle,39.048666,-125.305274,178,0.006,900,0.618888889,0,0.73,0.26,0,0.216666667,72,121,0,0,yes,no,58.13,435,9,851,2.8,0.03,2479,2.7,25,129,175,900,6.1,6.9,7.5,4.4,19.5,60.1,14,2,58,38,0.8,0.2,43,3,13.2,1.6,0.119,1.27,22,62,16,silt.loam,29.71,6.73,0,0,0,0,Soybean,1,M,0,0,0,0,0,0,0,1,0,0,0,0
10,11,no,middle,39.110421,-125.401096,187,0.006,1610,0.242857143,0,0.11,0.89,0.06,0.514285714,345,260,72,1,yes,yes,261,303,4,1590,16.2,0.0098,638,2.5,28,125,180,1150,6.7,6.9,8.8,3.7,17.1,65.6,9,5,40,42,0.9,0.7,13,2,11.9,1.5,0.122,1.28,20,62,18,silt.loam,30.47,7.53,0,0,1,0,Soybean,1,L,0,0,0,0,0,0,0,0,0,0,0,0
11,12,no,bottom,39.080581,-125.414146,187,0.008,1208,0,0,0,0.45,0.16,0.44,231,75,488,4,no,no,0,411.11,7,1269,6.5,0.0196,222,2.7,48,139,130,1350,6.7,6.9,9.4,3.8,11.5,71.9,8,7,59,65,1.2,0.5,13,2,11.3,1.6,0.138,1.34,18,62,20,silt.loam,31.46,8.75,0,0,0,0,Soybean,1,M,0,0,0,0,0,0,0,0,0,0,0,0
12,13,no,bottom,39.1071166,-125.418743,189,0.002,1629,0,0,0,0.42,0.06,0.43,804,72,367,5,yes,yes,611.34,774.78,4,1506,9.3,0.0162,446,2.4,46,185,225,1200,6.4,6.9,9.5,5,19.6,62.8,12,7,50,69,1.4,0.3,39,2,11.4,1.4,0.122,1.18,18,62,20,silt.loam,31.3,8.21,1,0,0,0,Corn,1,H,0,1,0,0,0,0,0,0,1,0,0,0
13,14,no,middle,39.081859,-125.415638,189,0.012,1840,0,0,0,0.72,0,0.27,732,275,386,4,yes,yes,560.23,838.36,4,1794,16.9,0.0106,2006,2.7,32,117,215,1050,7.2,7.2,7.3,4.1,24.4,71.5,13,5,52,41,0.9,0.5,4,2,12.1,1.6,0.129,1.2,18,62,20,silt.loam,31.39,8.57,1,0,0,0,Soybean,1,M,0,0,0,0,0,0,1,0,0,0,0,0
14,15,no,top,39.082687,-125.414207,189,0.014,1374,0,0,0,0.84,0,0.15,946,508,703,7,yes,no,174.84,956.67,8,1650,11.3,0.0146,542,3.3,42,203,145,1150,6.1,6.8,9.9,5.3,12.2,58.2,5,6,50,29,0.9,0.2,29,2,10.9,1.9,0.175,1.24,14,62,24,silt.loam,33.18,9.57,0,0,0,0,Soybean,0,L,0,0,0,0,0,0,0,1,0,0,0,0
15,16,no,top,39.04248,-125.250657,174,0.005,1427,1,0.97,0.06,0,0,0.03,218,174,59,1,yes,no,117.43,383.19,6,1383,11.3,0.0122,74,2.9,45,215,160,1100,6.4,6.9,8.6,6.4,15.5,64.1,10,7,56,36,1.1,0.2,37,2,9.2,1.7,0.182,1.17,14,68,18,silt.loam,33.59,7.97,0,0,0,0,Soybean,1,H,0,1,0,0,0,0,0,0,0,0,0,0
16,17,no,top,39.097211,-125.222048,169,0.004,2480,0.38,0.38,0,0.14,0,0.55,831,197,664,6,yes,no,482.08,345.9,6,2440,16.6,0.0147,3005,2.2,33,79,100,900,6.2,6.9,6.7,3,12.4,66.8,7,2,40,65,1.1,0.2,37,2,12,1.3,0.106,1.3,16,68,16,silt.loam,29.4,5.51,0,0,0,0,Soybean,1,H,0,1,0,0,0,0,0,0,0,0,0,0
17,18,no,top,39.097687,-125.212695,170,0.002,1751,0.89,0.58,0.31,0.09,0,0.04,162,582,61,2,no,no,0,227.85,8,1671,12.8,0.0131,1086,2.4,34,117,85,750,6.1,6.9,6,5,11.9,62.9,8,2,47,28,0.8,0.2,33,3,13.8,1.4,0.101,1.32,22,62,16,silt.loam,28.41,6,1,0,0,0,Soybean,0,L,0,0,0,0,0,0,0,0,0,0,0,0
18,25,yes,bottom,39.129377,-125.500983,158,0.008,912,0,0,0,1,0,0,112,653,277,5,yes,no,89.71,135.08,9,892,4,0.022,38,1.4,35,128,210,1200,6.8,7.2,8.3,3.9,21,72,11,11,51,47,1.3,0.6,63,3,6.9,0.8,0.117,1.28,44,43,13,loam,21.76,5.6,0,0,0,0,Corn,1,L,0,0,0,0,0,0,0,0,1,0,0,0
19,27,yes,middle,39.134808,-125.499535,170,0.005,1668,0.36,0,0.36,0.29,0.03,0.32,144,161,167,2,yes,yes,198.98,381.4,13,1759,15.6,0.0113,39,2.1,50,136,140,1400,7.1,7.2,8.5,4.1,13.7,82.2,11,9,49,103,1.4,0.8,31,3,9.8,1.2,0.124,1.4,18,65,17,silt.loam,31.58,7.8,0,0,0,0,Corn,1,L,0,0,0,0,1,0,0,1,1,1,1,1
20,29,yes,middle,39.12305,-125.46256,177,0.003,1619,0,0,0,0.49,0,0.51,625,199,457,3,yes,no,855.74,1039.68,4,1561,15.8,0.0099,345,3,71,175,145,1050,5.9,6.8,9.3,4.8,13,56.4,12,9,41,123,1.4,0.6,24,4,12.1,1.7,0.166,1.38,18,63,19,silt.loam,31.9,7.86,0,1,0,0,Soybean,1,L,0,0,0,0,0,0,0,0,0,0,0,0
21,30,yes,middle,39.122999,-125.467294,177,0.003,1648,0.11,0.11,0,0.31,0.12,0.42,801,196,0,0,yes,no,410.28,684.03,13,1754,12.6,0.014,226,2.8,100,179,190,1450,6.7,6.9,10.5,4.4,15.1,69.1,11,13,37,133,1.7,0.7,38,3,9.9,1.6,0.15,1.34,18,61,21,silt.loam,32.88,8.13,0,0,1,0,Corn,1,M,0,0,0,1,0,0,1,1,1,0,0,0
22,35,yes,middle,39.122844,-125.471358,176,0.008,1466,0.05,0.05,0,0.43,0.04,0.55,0,190,113,1,yes,yes,601.55,284.19,7,1491,14.8,0.0101,0,2.2,50,133,155,1450,7.1,7.2,8.9,3.8,14.5,81.6,11,11,44,82,1.3,1,18,3,11.4,1.3,0.112,1.4,12,71,17,silt.loam,31.15,7.39,0,0,0,0,Soybean,1,L,0,0,0,0,0,0,0,0,1,1,1,1
23,36,yes,middle,39.125354,-125.476558,176,0.035,767,0.08,0.08,0,0.55,0.2,0.14,234,130,0,0,yes,no,275.36,160.31,6,715,3,0.0235,662,2.8,59,147,185,1700,7.3,7.2,10.4,3.6,14.8,81.6,11,12,52,99,1.4,0.7,52,3,8,1.6,0.192,1.34,12,69,19,silt.loam,33.35,8.46,0,0,0,1,Corn,1,M,0,0,0,0,0,0,0,0,1,1,1,0
24,37,yes,bottom,39.122777,-125.478505,174,0.009,1289,0.131885182,0,0.11,0.89,0,0.333591932,107,107,0,0,no,no,0,145,6,809,4.2,0.0191,2466,2.1,46,151,130,1100,5.9,6.8,9.4,4.1,11.6,58.7,9,10,47,122,1.2,0.4,78,3,8.1,1.2,0.15,1.36,18,67,15,silt.loam,31.95,8.14,0,1,0,1,Corn,1,M,0,0,0,0,0,0,0,0,1,1,0,0
25,38,yes,middle,39.107054,-125.381605,190,0.004,2736,0.03,0.03,0,0.47,0.02,0.48,8760,252,371,4,yes,yes,1989.88,1274,8,2770,40.5,0.0068,1755,2.9,55,141,135,1800,6.6,6.9,11.7,3.1,9.6,77,12,2,43,72,1.3,0.3,83,3,9.5,1.7,0.148,1.36,14,65,21,silt.loam,33.47,8.14,1,0,0,0,Soybean,1,A,1,0,0,0,0,0,0,0,0,0,0,0
26,40,yes,top,39.009274,-125.354079,186,0.007,2400,0,0,0,0.67,0.02,0.33,667,396,39,1,yes,no,812.7,711,4,2355,32.4,0.0073,147,2.2,89,199,170,1900,7,7.2,11.4,4.5,12.4,83.1,7,2,43,93,1.6,0.4,15,3,9.1,1.3,0.14,1.39,14,65,21,silt.loam,32.86,9.48,0,0,0,0,Soybean,1,L,0,0,0,0,0,0,0,1,0,0,0,0
27,41,yes,middle,39.012975,-125.358837,187,0.005,1566,0.26,0.22,0.04,0.5,0,0.25,292,197,231,3,yes,no,529.27,289,4,1530,16.2,0.0094,110,2,76,162,180,2150,7.2,7.2,12.7,3.3,11.8,84.9,6,2,35,93,1.5,0.2,7,3,6.6,1.2,0.176,1.33,10,61,29,silty.clay.loam,34.83,8.51,0,0,0,0,Soybean,1,L,0,0,0,0,0,0,0,1,0,0,0,0
28,42,yes,middle,39.014107,-125.365786,187,0.008,870,0.55,0.16,0.39,0.21,0,0.23,74,106,201,3,yes,no,73.17,212,7,816,4.9,0.0168,305,2.3,38,145,125,650,5.8,6.9,5.9,6.3,17.8,55.4,7,2,72,104,1.3,0.2,2,7,9.5,1.3,0.141,1.37,14,65,21,silt.loam,32.96,7.87,1,0,0,0,Corn,1,A,1,0,0,0,0,0,0,1,0,0,0,0
29,43,yes,middle,39.031367,-125.330728,183,0.002,1622,0,0,0,0.51,0,0.5,1008,204,26,2,yes,yes,423.09,610,4,1767,16.2,0.0109,699,1.9,41,164,105,1200,5.6,6.7,10.9,3.9,8,55.1,8,2,38,65,1.1,0.2,102,4,6.7,1.1,0.165,1.25,18,63,19,silt.loam,28.51,6.21,0,0,0,0,Corn,1,L,0,0,0,0,0,0,0,0,0,0,0,0
30,44,yes,middle,39.02386,-125.27258,189,0.002,1612,0,0,0,0.75,0.05,0.25,1988,189,305,4,yes,no,286.25,866,4,1568,16.2,0.0097,0,2.4,87,174,125,1650,6.7,6.9,10.9,4.1,9.5,75.4,9,2,35,133,1.6,0.3,27,4,8.3,1.4,0.167,1.34,12,65,23,silt.loam,34.81,6.41,1,1,0,0,Soybean,1,L,0,0,0,0,0,0,0,1,0,0,0,0
31,45,yes,middle,39.023873,-125.377389,189,0.003,1607,0,0,0,0.49,0.12,0.44,1877,202,201,3,yes,no,1016.37,1013,6,1552,15,0.0104,0,1.9,76,172,100,1150,6.6,6.9,8.2,5.4,10.1,69.9,8,2,35,126,1.2,0.2,25,4,7.5,1.1,0.146,1.35,14,67,19,silt.loam,32.97,6.58,1,1,0,0,Soybean,1,L,0,0,0,0,0,0,0,0,0,0,0,0
32,46,yes,bottom,39.027522,-125.377332,190,0.002,2422,0.05,0.05,0,0.45,0,0.5,2442,195,239,3,yes,yes,1207.65,674,8,2449,31.2,0.0079,1946,1.9,58,184,115,1500,6.4,6.9,10.1,4.7,9.5,74,9,2,43,95,1.4,0.3,71,4,6.9,1.1,0.153,1.4,16,63,21,silt.loam,33.07,7.3,0,1,1,0,Corn,1,M,0,1,0,0,0,0,0,0,0,0,0,0
33,47,yes,middle,39.020229,-125.368061,189,0,1329,0,0,0,0.22,0.08,0.71,960,137,0,0,yes,no,151.16,852,6,1326,11.3,0.0117,1696,2.5,75,253,140,1350,6.2,6.9,9.8,6.6,11.9,69.1,9,2,44,121,1.3,0.2,96,4,7.9,1.5,0.184,1.36,14,67,19,silt.loam,32.89,5.46,0,1,0,0,Corn,1,A,1,0,0,0,0,0,0,0,0,0,0,0
34,49,yes,bottom,39.02016,-125.374841,189,0,1188,0.05,0.05,0,0.83,0,0.17,944,206,18,2,no,no,0,698,4,1213,8.1,0.015,922,2.9,70,201,215,1700,5.9,6.7,14.4,3.6,12.4,59,8,2,29,145,1.7,0.2,82,4,10.3,1.7,0.164,1.34,14,61,25,silt.loam,34.65,6.71,1,1,1,0,Corn,1,M,0,1,0,0,0,0,0,0,1,0,0,0
35,50,yes,bottom,39.020749,-125.377337,189,0.006,1161,0.18,0.18,0,0.8,0,0.04,1153,220,94,1,yes,yes,0,156.06,7,1088,5.7,0.0192,0,2.5,44,217,120,1100,5.6,6.7,10.7,5.2,9.4,51.6,9,2,46,104,1.3,0.2,76,4,9.3,1.5,0.162,1.39,14,67,19,silt.loam,30.83,7.49,0,0,0,0,Corn,1,M,0,0,0,0,0,0,0,0,1,0,0,0
36,51,yes,middle,39.020249,-125.379691,189,0.005,1196,0,0,0,0.5,0,0.5,951,116,411,4,yes,no,267.86,240.49,4,1198,9.7,0.0123,112,2.6,61,180,115,1500,7.4,7.2,8.9,5.2,10.7,84.1,9,2,43,104,1.3,0.2,2,5,9.2,1.5,0.164,1.32,14,65,21,silt.loam,33.14,6.55,1,1,0,0,Soybean,1,L,0,0,0,0,0,0,0,0,0,0,0,0
37,52,yes,bottom,39.080927,-125.402341,190,0.003,923,0,0,0,0.62,0,0.38,864,53,447,5,yes,yes,230.61,783.99,4,890,3.8,0.0231,806,2.4,66,168,145,1350,6.9,7.2,8.5,5.1,14.2,79.3,13,10,50,96,1.3,0.7,12,4,8.2,1.4,0.169,1.36,16,63,21,silt.loam,31.33,8,0,0,0,0,Soybean,1,M,0,0,0,0,0,0,0,0,0,0,0,0
38,53,yes,middle,39.082905,-125.402038,191,0.012,1442,0,0,0,0.6,0.05,0.239944521,853,53,177,2,yes,no,772.79,1018.4,6,1480,8.9,0.0166,1316,2.6,84,224,195,1250,6.1,6.8,10.8,5.3,15,57.6,12,17,40,121,1.5,0.6,63,4,8.2,1.5,0.185,1.35,14,65,21,silt.loam,33.4,7.41,0,0,0,0,Corn,1,H,0,1,0,1,0,0,0,0,0,0,0,0
39,54,yes,middle,39.085762,-125.401737,190,0.005,1408,0,0,0,0.49,0,0.21,1500,209,0,0,yes,no,765.54,938.22,4,1393,11.7,0.0119,112,2.9,69,186,245,1250,5.8,6.7,12.4,3.9,16.5,50.5,10,9,43,77,1.2,0.6,107,5,7.9,1.7,2.13,1.36,10,67,23,silt.loam,33.39,7.47,0,0,0,0,Corn,1,M,0,0,0,0,0,0,0,1,1,0,0,0
40,55,yes,top,39.088319,-125.401859,189,0.005,1217,0,0,0,0.83,0,0.17,1718,187,386,3,yes,no,149.07,711.35,4,1227,8.5,0.0144,520,2.1,61,197,185,1100,6.3,6.9,8.7,5.8,17.6,62.9,12,9,47,67,1,0.8,14,4,7.2,1.2,0.17,1.42,14,63,23,silt.loam,33.42,8.94,0,0,0,0,Soybean,1,L,0,0,0,0,0,0,0,0,0,0,0,0
41,56,no,top,39.090135,-125.40176,188,0.005,1207,0,0,0,0.83,0,0.17,1917,184,346,4,yes,no,324.01,547.85,4,1187,8.1,0.0147,0,1.9,57,198,145,1100,6.6,6.9,8.4,6,14.4,65.4,10,11,49,54,1,0.7,8,3,6.2,1.1,0.177,1.4,14,65,21,silt.loam,32.99,6.59,0,0,0,1,Soybean,1,L,0,0,0,0,0,0,0,0,0,0,0,0
42,58,no,bottom,39.020276,-125.356893,186,0.004,1884,0,0,0,0.48,0,0.52,2215,196,178,4,yes,yes,448.96,142.98,4,1854,17.4,0.0106,1201,2.2,34,138,145,1250,6.1,6.8,10.2,3.5,11.8,61.2,8,4,49,54,1,0.4,71,4,7.2,1.3,0.178,1.32,12,69,19,silt.loam,28.15,7.68,0,0,0,0,Corn,1,L,0,0,0,0,0,0,0,0,0,0,0,0
43,59,no,top,39.017659,-125.363486,187,0.005,2119,0,0,0,0.21,0,0.79,598,185,78,2,yes,yes,645.38,249.02,5,2088,23.4,0.0089,110,2.3,62,158,130,1050,6.7,6.9,7.9,5.1,13.6,66.1,10,4,45,73,1.3,0.2,22,4,9,1.3,0.149,1.38,16,65,19,silt.loam,28.88,7.35,0,0,0,0,Soybean,1,M,0,0,0,0,0,0,0,0,0,0,0,0
44,60,no,bottom,39.07856,-125.307347,182,0.003,1564,0,0,0,0.5,0,0.5,719,187,59,1,yes,no,791.55,30.34,4,1586,15.4,0.0103,347,2.7,89,184,240,1850,6.6,6.9,12.9,3.7,15.5,71.6,8,4,30,134,1.7,0.3,10,3,8.8,1.6,0.177,1.23,8,61,31,silty.clay.loam,30.57,11.85,0,0,1,0,Soybean,1,A,1,0,0,0,0,0,0,0,0,0,0,0
45,61,no,bottom,39.031504,-125.321596,181,0.005,3195,0.08,0,0.08,0.25,0.12,0.48,783,350,439,5,yes,no,237.66,220.06,8,3179,43.8,0.0073,2331,1.9,42,124,110,1000,6,6.9,7.4,4.3,12.3,67.3,6,4,45,67,1,0.2,64,4,8.2,1.1,0.134,1.4,20,66,14,silt.loam,27.32,6.55,1,0,1,0,Corn,1,A,1,0,0,0,0,0,0,0,0,0,0,0
46,62,yes,middle,38.912223,-125.424047,186,0.002,1596,0,0,0,0.5,0.18,0.34,616,204,475,5,yes,no,217.34,780.7,8,1736,15.4,0.0113,1912,2,33,135,145,1200,6.8,7.2,7.8,4.4,15.5,77,6,4,45,63,1.1,0.7,11,3,7.7,1.2,0.15,1.37,16,68,16,silt.loam,28.94,7.74,0,0,0,0,Soybean,1,L,0,0,0,1,0,0,0,0,0,0,0,0
47,63,yes,bottom,38.912395,-125.420547,185,0.003,1590,0.29,0.22,0.07,0.28,0,0.44,445,186,0,0,yes,yes,412.86,430.45,9,1545,15.3,0.0101,1387,1.9,42,147,145,1100,6.1,6.9,8.3,4.5,14.6,66.4,11,4,43,75,1.2,0.4,45,3,7.1,1.1,0.155,1.38,20,62,18,silt.loam,27.71,8.09,0,0,0,0,Corn,1,M,0,0,0,1,0,0,1,0,0,0,0,0
48,64,yes,middle,38.945851,-125.559871,187,0.003,1956,0,0,0,0.55,0.02,0.479038855,1459,205,629,3,yes,yes,288.05,838.08,6,2012,16,0.0125,1679,2.1,35,118,175,1200,6.7,6.9,9,3.4,16.3,67,12,5,44,68,1.4,0.4,49,3,7.1,1.2,0.172,1.32,14,68,18,silt.loam,29.65,8.09,0,0,0,1,Corn,1,M,0,0,0,0,0,0,0,0,0,1,0,1
49,65,yes,bottom,38.954921,-125.588113,184,0.003,1830,0,0,0,0.3,0.16,0.56,561,220,30,0,yes,no,344.97,566.82,8,1808,20.7,0.0087,225,2.5,61,184,205,1250,6.6,6.9,9.6,4.9,17.7,64.9,9,3,39,86,1.3,0.3,65,3,9.7,1.5,0.149,1.3,18,66,16,silt.loam,27.23,8.54,0,0,0,1,Corn,0,L,0,0,0,0,0,0,0,0,1,0,1,0
50,66,yes,middle,38.989259,-125.60098,155,0.008,1409,0.44,0.44,0,0.3,0,0.27,397,212,100,1,yes,yes,376.24,179.21,14,1384,15.6,0.0089,5171,1.8,49,94,410,1900,7.9,7.2,13.2,1.8,26,72.2,8,5,82,62,2.1,0.9,18,3,7.3,1,0.13,1.38,20,56,24,silt.loam,27.27,9.65,0,0,0,1,Soybean,1,H,0,1,0,0,0,0,0,0,0,0,0,0
51,67,yes,middle,39.011325,-125.560132,177,0.003,1932,0.24,0.24,0,0.26,0,0.53,468,204,1294,10,yes,yes,493.94,448.45,4,1917,21.5,0.0089,1949,2.1,29,159,190,900,5.2,6.6,11.3,3.6,14,39.9,8,1,45,56,0.9,0.2,68,3,8.1,1.2,0.15,1.36,18,64,18,silt.loam,26.83,8.16,0,0,0,0,Corn,1,M,0,0,0,0,0,0,0,0,1,0,0,0
52,68,yes,bottom,39.036763,-125.402058,191,0.005,896,0.14,0.14,0,0.34,0.09,0.45,1017,95,14,1,yes,yes,713.55,934.91,4,965,5.5,0.0177,453,2.6,71,239,215,1400,7.2,7.2,9.4,6.5,19.1,74.4,9,9,46,84,1.6,1.2,18,4,9.4,1.5,0.161,1.36,16,66,18,silt.loam,29.77,8.82,0,1,1,0,Soybean,1,A,1,0,0,0,0,0,0,0,0,0,0,0
53,70,yes,bottom,39.031597,-125.421139,191,0.001,1820,0,0,0,0.94,0,0.06,3077,403,157,1,yes,yes,103.29,609.01,4,1775,7.6,0.0234,577,3.2,73,225,220,1700,6.5,6.9,12.1,4.8,15.1,70.2,11,12,36,119,1.9,1,73,3,8.6,1.9,0.216,1.31,14,62,24,silt.loam,29.22,11.24,0,0,1,0,Corn,1,L,0,0,0,0,0,0,0,0,0,0,0,0
54,71,yes,middle,39.03,-125.421096,193,0.01,1439,0,0,0,0.75,0,0.118832523,3337,106,489,5,yes,no,215.5,566.71,4,1398,8.9,0.0157,334,2.9,143,315,220,1750,7.2,7.2,11.4,7.1,16.1,76.8,13,16,40,136,2,1,49,4,8.4,1.7,0.2,1.33,18,62,20,silt.loam,30.35,8.56,0,0,1,0,Corn,1,L,0,0,0,0,0,0,0,0,0,0,0,0
55,72,yes,top,39.157394,-125.405585,183,0.012,1289,0.13,0.13,0,0.87,0,0,1126,513,616,5,yes,no,1154.39,386.87,6,1319,9.5,0.0139,890,2.4,82,183,135,1600,7,7.2,9.6,4.9,11.7,83.4,12,15,48,56,1.7,0.9,17,4,10.4,1.4,0.134,1.39,14,66,20,silt.loam,30.03,8.21,1,1,1,0,Soybean,1,L,0,0,1,0,0,0,0,0,0,1,0,0
56,74,yes,middle,39.159476,-125.410333,183,0.013,2675,0.08,0.08,0,0.83,0,0.08,571,535,204,8,yes,no,186.76,186.44,12,2637,25.1,0.0105,6275,2.3,28,153,155,1700,7.3,7.2,10.2,3.9,12.7,83.5,12,10,52,36,1.3,1,16,3,10,1.3,0.133,1.36,14,66,20,silt.loam,30.53,8.71,1,1,1,0,Soybean,1,L,0,0,1,0,0,0,0,0,0,1,0,0
57,75,yes,middle,39.162524,-125.410393,175,0.014,2260,0.05,0.02,0.03,0.82,0.13,0.13,711,411,125,2,yes,no,744.09,234.24,10,2249,26,0.0087,980,1.9,76,134,125,1600,7,7.2,9.4,3.7,11.1,85.2,13,15,54,68,1.6,1,31,3,10.3,1.1,0.107,1.34,14,68,18,silt.loam,29.5,7.57,0,0,1,1,Corn,1,L,0,0,0,0,0,0,0,0,0,0,0,0
58,76,yes,middle,39.164702,-125.41032,178,0.008,2421,0,0,0,0.91,0.08,0.41,5476,228,336,5,yes,no,720.06,577.57,6,2397,31.4,0.0076,4971,1.7,80,160,155,1350,7,7.2,8.5,4.9,15.3,79.9,13,12,50,87,1.4,0.8,13,3,9.1,1,0.108,1.37,18,64,18,silt.loam,28.91,6.93,1,0,0,0,Soybean,1,A,1,0,0,0,0,0,0,0,0,0,0,0
59,77,yes,middle,39.164821,-125.405386,179,0.008,1621,0,0,0,0.75,0,0.25,5670,244,251,2,yes,yes,802.67,405.53,4,1610,16.2,0.0099,1742,2.3,62,171,135,1450,7.1,7.2,8.8,5,12.8,82.3,12,13,51,78,1.6,1,5,3,10.3,1.3,0.13,1.36,16,64,20,silt.loam,28.55,7.51,0,0,0,0,Soybean,1,L,0,0,0,0,0,0,0,0,0,0,0,0
60,78,yes,middle,39.168485,-125.405309,182,0,1214,0,0,0,0.83,0,0.33,6023,97,0,0,yes,yes,403.37,741.34,4,1196,8,0.015,887,2.3,61,164,135,1150,6.4,6.9,8.5,4.9,13.2,67.7,10,14,43,94,1.2,0.6,25,3,13.3,1.3,0.1,1.36,18,66,16,silt.loam,27.22,6.63,0,0,0,0,Corn,1,A,1,0,0,0,0,0,0,0,0,0,0,0
61,79,yes,top,39.168761,-125.400712,182,0,2377,0,0,0,0.5,0,0.5,6195,198,144,3,yes,yes,1339.21,943.3,4,2390,32,0.0075,809,2.5,44,121,115,1500,7.3,7.2,8.8,3.5,10.9,85.5,8,10,52,54,1.2,0.9,7,2,12.8,1.5,0.113,1.37,18,64,18,silt.loam,27.75,7.14,0,0,0,0,Soybean,1,L,0,0,0,0,0,0,0,0,0,0,0,0
62,80,yes,middle,39.171944,-125.414811,181,0.005,1598,0.03,0.03,0,0.75,0,0.25,5669,216,34,1,yes,yes,477.56,312.33,4,1567,15.6,0.01,1239,2.3,51,135,145,1450,7,7.2,8.8,3.9,13.7,82.3,11,10,42,91,1.3,0.4,20,3,21.5,1.3,0.062,1.38,18,64,18,silt.loam,26.75,6.96,0,0,0,0,Soybean,1,M,0,0,0,0,0,0,0,0,0,0,0,0
63,81,yes,bottom,39.171862,-125.419549,179,0.011,1247,0.43,0.43,0,0.25,0,0.32,1345,112,210,2,yes,yes,279.44,120,10,1360,7.6,0.0179,2994,1.9,72,151,130,1300,6.6,6.9,9.2,4.2,11.8,70.9,9,14,34,85,1.4,0.4,23,4,9.3,1.1,0.119,1.36,15,66,19,silt.loam,27.45,7.11,0,1,0,0,Corn,1,L,0,0,0,0,0,0,0,0,1,0,0,0
64,82,yes,middle,39.168025,-125.424041,178,0,523,0.42,0.42,0,0.37,0,0.22,582,54,82,3,yes,yes,190.54,34,6,547,1.4,0.0397,2979,2.7,44,142,165,1650,6.6,6.9,11.2,3.3,12.3,73.7,9,12,34,78,1.4,0.7,20,4,11.3,1.6,0.138,1.33,17,63,20,silt.loam,28.03,7.91,0,1,0,0,Sunflower,1,L,0,0,0,0,1,0,0,1,1,0,1,0
65,83,yes,bottom,39.168037,-125.426182,177,0.007,2772,0.35,0.35,0,0.65,0,0.1,1045,454,224,4,yes,yes,1446.65,287.5,7,2688,32.3,0.0083,0,2.5,58,147,165,1550,7,7.2,9.5,4,14.5,81.6,9,10,39,69,2,0.6,39,4,11.6,1.5,0.106,1.36,17,65,18,silt.loam,28.47,7.08,0,1,1,0,Corn,1,L,0,0,0,0,0,0,0,0,0,0,0,0
66,84,yes,bottom,39.175702,-125.409982,181,0.003,2257,0,0,0,1,0,0,5336,476,415,4,yes,yes,1295.36,296.64,9,2220,29,0.0076,589,1.6,66,194,195,1500,6.9,7.2,9.8,5.1,16.6,76.8,9,12,37,70,1.5,0.9,32,4,6.4,0.9,0.144,1.35,19,63,18,silt.loam,26.88,7.29,1,1,1,0,Corn,1,M,0,0,0,0,0,0,0,0,0,0,0,0
67,85,yes,middle,39.177131,-125.419116,179,0,585,0,0,0,0.65,0,0.35,4892,54,75,1,yes,yes,202.27,124.98,4,626,4.7,0.0134,366,2.2,82,133,190,1450,7,7.2,9.2,3.7,17.3,79,9,9,37,105,1.6,0.5,9,4,8,1.3,0.16,1.31,15,65,20,silt.loam,29.74,7.68,1,0,1,0,Soybean,1,M,0,0,0,0,0,0,0,0,0,1,0,0
68,86,yes,top,39.179362,-125.409942,181,0.004,1672,0,0,0,1,0,0,5340,589,32,1,yes,yes,322.35,181.14,6,1896,20.3,0.0093,39,2.4,61,154,150,1600,7.5,7.2,9.6,4.1,13,82.9,8,8,46,81,1.4,0.9,5,4,12.9,1.4,0.108,1.39,17,63,20,silt.loam,26.7,7.31,0,1,1,0,Soybean,1,M,0,0,0,0,0,0,0,0,0,0,0,0
69,87,yes,middle,39.180954,-125.417124,180,0.005,1118,0,0,0,0.73,0.12,0.13,2349,144,41,4,yes,no,166.8,174.59,7,1100,5.5,0.0199,233,2.2,78,179,190,1500,6.9,7.2,9.7,4.7,16.3,77.4,9,15,48,74,1.7,1,12,4,9.2,1.3,0.138,1.27,15,65,20,silt.loam,28.45,8.11,0,0,1,0,Soybean,1,M,0,0,0,0,0,0,0,0,0,0,0,0
70,88,yes,middle,39.182732,-125.419355,180,0.005,1602,0,0,0,0.76,0,0.24,2491,218,103,2,yes,no,404.04,596.12,4,1575,15.7,0.01,2556,2.5,57,105,185,1550,7.3,7.2,9.6,2.8,16.1,81.1,10,6,45,70,1.5,0.7,18,4,12.5,1.5,0.116,1.38,15,65,20,silt.loam,26.91,6.9,0,1,0,0,Corn,1,L,0,0,0,0,0,0,0,0,0,0,1,0
71,89,yes,middle,39.190426,-125.409918,181,0.005,2412,0.03,0.03,0,0.47,0,0.5,2089,207,961,7,yes,yes,2139.49,16.05,4,2387,31.2,0.0076,426,2.3,49,141,165,1350,7.3,7.2,8.5,4.3,16.2,79.5,9,10,43,53,1.1,1.1,7,3,12.5,1.3,0.107,1.38,17,63,20,silt.loam,28.04,7.49,0,1,0,0,Soybean,1,M,0,0,0,0,0,0,0,0,0,0,0,0
72,90,yes,middle,39.19397,-125.409858,181,0.005,2428,0.04,0.04,0,0.5,0,0.46,2867,242,277,2,yes,yes,1464.26,392.65,4,2402,16.9,0.0142,155,2.5,62,120,155,1300,7,7.2,8.1,3.8,15.9,80.3,13,12,41,82,1.2,0.9,19,5,11.8,1.5,0.123,1.38,19,61,20,silt.loam,26.56,7.25,1,1,1,0,Corn,1,L,0,0,0,0,0,0,0,0,0,0,0,0
73,91,yes,top,39.195828,-125.409471,181,0.005,2428,0.04,0.04,0,0.5,0,0.46,2867,242,277,2,yes,yes,1464.26,392.65,4,2402,16.9,0.0142,155,2.5,62,120,155,1300,7,7.2,8.1,3.8,15.9,80.3,13,12,41,82,1.2,0.9,19,5,11.8,1.5,0.123,1.38,19,61,20,silt.loam,26.56,7.25,1,1,1,0,Soybean,1,L,0,0,0,0,0,0,0,0,0,0,0,0
74,92,yes,top,39.197704,-125.414306,179,0.008,1945,0.37,0.37,0,0.52,0,0.2,2475,328,277,6,yes,no,1024.36,212.36,11,1976,20.6,0.0096,470,2.1,55,144,150,1250,7.3,7.2,7.9,4.7,15.9,79.4,8,11,50,68,1,0.7,2,6,8.6,1.2,0.141,1.39,13,71,16,silt.loam,27.41,7.15,1,1,1,0,Soybean,1,M,0,0,0,0,0,0,0,0,0,0,0,0
75,93,yes,middle,39.167601,-125.438573,178,0.003,1479,0.09,0.09,0,0.44,0,0.46,2716,88,345,4,yes,yes,655.53,70.59,6,1442,11.6,0.0124,2532,2,47,128,170,1600,7.3,7.2,9.7,3.4,14.5,82.1,12,7,36,89,1.3,1.1,20,3,9.1,1.2,0.128,1.39,19,59,22,silt.loam,25.8,7.82,0,1,0,0,Soybean,1,M,0,0,0,0,0,0,0,0,0,0,0,0
76,94,yes,middle,39.169309,-125.438655,178,0.003,1908,0,0,0,0.49,0,0.51,3122,205,48,3,yes,yes,2309.23,284.44,4,1870,10,0.0187,4103,1.9,53,129,200,1500,7,7.2,9.5,3.5,17.5,79,10,9,37,77,2,0.6,25,3,7.1,1.1,0.156,1.36,15,63,22,silt.loam,25.97,7.47,0,1,0,0,Corn,1,M,0,1,0,0,0,0,0,0,1,0,1,0
77,95,yes,top,39.169793,-125.442455,177,0.005,1434,0.16,0.16,0,0.69,0,0.12,2219,297,359,4,yes,yes,565.43,250.85,8,1412,8.8,0.0161,1972,2.1,65,227,180,1550,7.2,7.2,9.8,5.9,15.3,78.8,8,12,44,88,1.4,1.1,16,3,8.5,1.2,0.143,1.37,17,61,22,silt.loam,28.1,7.91,0,1,0,0,Soybean,1,L,0,0,0,0,0,0,0,0,0,0,0,0
78,96,yes,middle,39.174753,-125.443032,177,0.002,2017,0,0,0,0.7,0,0.3,1736,175,0,0,yes,no,175.65,568.44,4,1976,23.8,0.0083,116,2.4,55,146,180,1450,7.5,7.2,9.1,4.1,16.4,79.5,10,10,47,82,1.3,0.6,13,3,10.2,1.4,0.137,1.39,19,61,20,silt.loam,27.55,6.85,1,0,0,0,Soybean,1,L,0,0,0,0,0,0,0,1,0,0,0,0
79,97,yes,middle,39.17463,-125.450116,176,0,1189,0,0,0,0.83,0,0.17,1716,185,21,1,yes,yes,299.92,437.46,4,1174,7.8,0.0151,309,1.9,56,148,125,1400,7.3,7.2,8.4,4.5,12.4,83.1,11,10,44,104,1.4,0.7,15,4,7.8,1.1,0.142,1.38,17,63,20,silt.loam,27.18,7.18,1,1,1,0,Soybean,1,A,1,0,0,0,0,0,0,0,1,1,1,0
80,98,yes,middle,39.174658,-125.452518,175,0.003,1594,0,0,0,0.5,0,0.5,1751,201,0,0,yes,no,211.13,358.58,4,1579,7.9,0.0199,881,1.9,42,121,120,1250,7,7.2,7.6,4.1,13.2,82.7,8,9,43,82,1.2,0.9,16,3,7.7,1.1,0.143,1.37,19,65,16,silt.loam,26.96,6.25,0,0,1,0,Corn,1,L,0,0,0,0,0,0,0,0,1,1,1,0
81,100,yes,middle,39.178165,-125.461953,174,0.003,2394,0.01,0.01,0,0.5,0,0.673767753,655,194,0,0,yes,yes,1336.94,512.76,4,2411,16.4,0.0147,239,2.6,75,171,155,1550,6.6,6.9,10.7,4.1,12.1,72.6,11,12,36,91,1.3,1.2,33,4,9.7,1.5,0.156,1.34,17,63,20,silt.loam,31.36,8.06,1,0,1,0,Corn,0,A,1,0,0,0,1,0,0,0,1,1,0,0
82,101,yes,bottom,39.158421,-125.374105,182,0.009,698,0,0,0,1,0,0,3851,440,8,1,yes,yes,130.93,103.97,5,668,2.1,0.0312,744,2.4,41,110,130,1600,7.1,7.2,9.4,3,11.6,85.4,9,5,35,55,1.1,0.8,30,3,8.7,1.4,0.16,1.34,17,63,20,silt.loam,31.94,8.01,0,0,1,0,Corn,1,H,0,1,0,0,0,0,0,0,1,1,1,0
83,102,yes,middle,39.158476,-125.377414,181,0.004,1053,0,0,0,0.78,0,0.22,3505,151,160,4,yes,yes,511.54,100.76,6,996,2.3,0.0439,983,2.7,59,140,165,1400,6.9,7.2,8.9,4,15.5,78.9,9,10,39,49,1,0.9,31,3,10.6,1.6,0.148,1.35,17,65,18,silt.loam,29.14,7.42,0,0,1,0,Corn,1,H,0,1,0,0,0,0,0,0,1,1,0,0
84,103,yes,middle,39.161904,-125.37405,182,0.004,1374,0,0,0,1,0,0,1546,445,0,0,yes,no,79.7,202.71,6,1288,6,0.0213,259,2.2,42,126,185,1500,6.8,7.2,9.7,3.3,16,77.7,9,9,42,51,1.2,0.8,28,3,9,1.3,0.141,1.37,17,65,18,silt.loam,28.2,7.98,0,0,1,0,Corn,1,L,0,0,0,0,0,0,0,0,1,0,1,0
85,104,yes,middle,39.161957,-125.371728,183,0.002,1616,0,0,0,1,0,0,838,616,0,0,yes,yes,132.45,595.03,4,1615,9.7,0.0167,75,2.5,39,143,205,1000,6.4,6.9,8.3,4.4,20.6,60.4,8,10,45,59,1,0.8,24,3,10.3,1.5,0.141,1.35,15,69,16,silt.loam,28.28,6.98,0,0,1,0,Corn,1,A,1,0,0,0,0,0,0,0,1,0,1,0
86,105,yes,top,39.162019,-125.376495,182,0.005,1877,0,0,0,0.63,0.08,0.29,723,207,0,0,yes,yes,306.61,473.99,4,1848,16.3,0.0113,257,2.5,43,145,135,1550,7.2,7.2,9.2,4,12.2,83.8,10,9,59,64,1.3,0.9,2,3,9.6,1.5,0.151,1.32,13,65,22,silt.loam,31.16,8.88,1,0,1,0,Soybean,1,A,1,0,0,0,0,0,0,0,0,0,0,0
87,106,yes,middle,39.159286,-125.383653,181,0.015,1624,0,0,0,1,0,0,711,516,0,0,yes,yes,201.61,132.18,5,1651,21.4,0.0077,406,2.7,46,136,160,1300,6.6,6.9,9.4,3.7,14.2,69.3,12,9,40,72,1.3,1,31,3,11.7,1.6,0.134,1.33,19,63,18,silt.loam,30.03,7.73,0,0,1,0,Corn,1,L,0,0,0,0,0,0,0,0,1,1,1,0
88,108,yes,bottom,39.160537,-125.381174,180,0.005,2251,0,0,0,0.79,0,0.175477566,831,255,138,3,no,no,0,220.12,7,2293,20.2,0.0114,74,2.9,31,167,160,1600,6.3,6.9,11,3.9,12.2,73,9,10,47,54,1.4,0.7,64,3,11.1,1.7,0.151,1.35,17,63,20,silt.loam,30.66,9.31,0,0,1,0,Corn,1,L,0,0,0,0,0,0,0,0,1,1,1,0
89,110,yes,middle,39.131072,-125.42921,182,0.002,1599,0.08,0.08,0,0.92,0,0,300,594,0,0,yes,no,312.3,466.89,4,1597,16.2,0.0098,1008,2.7,46,145,180,1550,7,7.2,9.6,3.9,15.6,80.5,15,7,52,89,1.3,0.6,55,3,9.6,1.6,0.163,1.38,19,63,18,silt.loam,29.95,7.45,1,1,0,0,Corn,1,L,0,0,0,1,0,0,0,0,1,1,0,0
90,114,yes,bottom,39.124222,-125.407623,186,0.01,992,0,0,0,0.91,0,0.09,1087,218,0,0,no,no,0,862.17,4,984,3.7,0.0266,2271,2.9,55,267,170,1500,7.1,7.2,9.6,7.1,14.8,78.1,16,5,59,36,1.1,0.7,57,3,9.9,1.7,0.17,1.34,17,61,22,silt.loam,28.31,8.28,0,0,0,1,Corn,1,A,1,0,0,0,0,0,0,0,0,1,0,0
91,115,yes,middle,39.124242,-125.40877,186,0.003,1444,0.11,0.11,0,0.61,0.11,0.16,913,226,184,1,no,no,0,841.56,6,1263,9.5,0.0132,1801,3,121,190,200,1650,6.8,7.2,10.7,4.5,15.5,76.9,10,9,38,120,2,0.9,57,3,10.3,1.7,0.169,1.31,19,61,20,silt.loam,27.87,8.08,0,0,0,1,Corn,1,L,0,0,0,0,0,0,0,0,0,0,0,0
92,117,yes,middle,39.139142,-125.397413,185,0.005,1362,0.22,0.22,0,0.29,0,0.5,2420,157,0,0,no,no,0,437.47,4,1352,11.6,0.0117,603,2.8,59,130,185,1750,7.1,7.2,10.6,3.1,14.5,82.4,8,6,35,95,1.6,0.3,7,2,9.2,1.6,0.176,1.33,17,61,22,silt.loam,29.09,8.97,0,1,1,0,Corn,1,A,1,0,0,0,0,0,0,0,0,0,0,0
93,118,yes,middle,39.078371,-125.376932,192,0.004,1159,0,0,0,1,0,0,1581,291,0,0,yes,yes,108.88,444.6,5,1170,5.7,0.0205,6527,3.2,53,130,180,1550,6.2,6.8,12,2.8,12.5,64.7,9,4,34,100,1.5,0.3,78,3,11.1,1.9,0.167,1.33,19,61,20,silt.loam,28.57,8.14,0,0,0,0,Corn,1,L,0,0,0,0,0,0,0,0,0,0,0,0
94,119,yes,bottom,39.07836,-125.379552,191,0.006,781,0,0,0,0.64,0.1,0.26,1736,95,0,0,no,no,0,319.52,6,766,3.9,0.0197,18331,2.8,82,139,220,1850,7,7.2,11.4,3.1,16,80.9,8,7,35,86,1.6,0.4,44,3,10.2,1.6,0.159,1.29,19,57,24,silt.loam,27.26,8.73,0,0,0,0,Corn,1,M,0,0,0,0,0,0,0,0,0,0,0,0
95,120,yes,middle,39.08038,-125.378063,191,0.006,918,0,0,0,0.81,0.19,0,1682,215,0,0,yes,yes,216.56,273.4,5,900,5.1,0.0175,4060,2.6,84,174,180,1500,6.7,6.9,10.6,4.2,14.1,70.4,10,8,35,113,1.7,0.5,43,3,9.4,1.5,0.16,1.25,13,63,24,silt.loam,26.97,7.47,0,0,0,0,Corn,1,M,0,0,0,0,0,0,0,0,0,0,0,0
96,121,yes,top,39.078832,-125.382034,192,0.002,1366,0,0,0,0.84,0.04,0.12,1369,251,162,4,no,no,0,251.89,6,1361,9.8,0.0139,412,3,94,138,210,1900,7,7.2,11.6,3,15.1,81.9,7,7,30,113,1.8,0.3,31,6,7.4,1.7,0.234,1.12,15,61,24,silt.loam,28.98,9.29,0,0,0,0,Soybean,1,L,0,0,0,0,0,0,0,0,0,0,0,0
97,122,yes,middle,39.125668,-125.36732,186,0.005,1994,0.04,0.04,0,0.76,0,0.2,499,394,0,0,yes,yes,226.07,399.32,8,1986,15.7,0.0127,4716,2.3,94,137,150,1350,7,7.2,8.4,4.2,15,80.8,9,7,43,113,1.5,0.2,17,6,7.9,1.3,0.168,1.37,19,61,20,silt.loam,26.65,6.29,1,1,1,0,Soybean,1,M,0,0,0,0,0,0,0,0,0,0,0,0
98,123,yes,middle,39.12572,-125.369656,185,0.006,1085,0,0,0,0.82,0,0.18,697,142,0,0,no,no,0,369.57,4,1045,8.6,0.0121,1356,2.3,34,121,160,1350,7,7.2,8.4,3.7,15.9,80.4,8,4,48,56,1.2,0.4,9,4,7.5,1.3,0.179,1.38,19,63,18,silt.loam,26.13,6.87,1,1,1,0,Corn,1,L,0,0,0,0,0,0,0,1,1,1,1,0
99,124,yes,middle,39.128916,-125.369691,184,0.005,799,0,0,0,1,0,0,435,382,0,0,yes,yes,148.88,186.16,4,732,2.1,0.0353,1387,2.7,39,154,140,1250,6.4,6.9,9,4.4,12.9,69.4,9,3,46,64,1.3,0.2,51,4,10.1,1.6,0.155,1.39,19,65,16,silt.loam,26.37,6.58,1,1,1,0,Corn,1,A,1,0,0,0,0,0,0,0,0,0,1,0
100,125,yes,middle,39.130761,-125.369718,184,0.007,533,0.26,0.26,0,0.74,0,0,250,207,0,0,yes,no,149.18,104.39,8,614,3.7,0.0168,150,2.6,44,134,130,1000,6.3,6.9,7.6,4.5,14.2,65.6,7,4,46,81,1.3,0.3,14,4,12.6,1.5,0.12,1.38,17,67,16,silt.loam,26.36,5.89,1,1,1,0,Corn,1,A,1,0,0,0,0,0,0,0,1,0,1,0
101,127,yes,bottom,39.066129,-125.387467,190,0.004,1861,0.1,0.1,0,0.3,0.05,0.55,515,241,0,0,no,no,0,319.1,6,1862,20.2,0.0092,1311,2.4,56,117,195,1750,7.4,7.2,10.7,2.8,15.2,82,9,4,40,61,1.3,0.6,34,3,9.1,1.4,0.153,1.42,25,59,16,silt.loam,27.06,6.83,0,0,0,0,Corn,1,M,0,0,0,0,0,0,0,0,0,0,0,0
102,128,yes,middle,39.071459,-125.386327,192,0.003,2554,0.24,0.24,0,0.42,0.08,0.26,960,220,0,0,no,no,0,281.43,16,2631,28.9,0.0091,1178,2.7,36,116,120,1350,6.9,7.2,8.2,3.6,12.2,82.6,9,2,50,47,1.1,0.3,32,3,8,1.6,0.195,1.24,19,63,18,silt.loam,28.66,7.2,0,0,0,0,Soybean,1,L,0,0,0,0,0,0,0,1,0,0,0,0
103,129,yes,middle,39.1221,-125.325636,185,0.006,1553,0.32,0,0.32,0.22,0,0.46,125,186,39,3,no,no,0,452.8,11,1576,13.1,0.0121,292,2.8,35,129,90,950,6,6.9,7,4.7,10.7,67.6,9,2,50,85,1,0.3,21,3,11,1.6,0.148,1.41,15,69,16,silt.loam,30.53,6.59,1,0,1,0,Corn,0,L,0,0,0,0,1,0,0,0,1,1,1,1
104,132,yes,middle,39.158365,-125.329968,182,0.007,2392,0.24,0,0.24,0.16,0.09,0.61,300,198,0,0,yes,no,202.29,352.05,12,2377,27.8,0.0086,482,2.5,30,155,100,750,5.5,6.8,7.4,5.4,11.3,50.8,6,2,56,39,0.9,0.2,58,5,10.1,1.5,0.144,1.39,19,65,16,silt.loam,28.27,6.07,0,0,0,0,Corn,0,A,1,0,0,0,0,0,0,0,1,0,1,0
105,133,yes,top,39.156055,-125.325271,175,0.012,3096,0.184108527,0.06,0.54,0.06,0,0.293281654,171,267,0,0,yes,no,326.29,308.96,21,3494,42.2,0.0083,231,2.6,26,109,155,1200,6.9,7.2,7.7,3.6,16.8,78.1,7,2,57,28,1,0.2,5,3,11.7,1.5,0.129,1.4,19,65,16,silt.loam,28.5,6.74,1,1,0,0,Soybean,1,A,1,0,0,0,0,0,0,0,0,0,0,0
106,134,yes,bottom,39.014149,-125.521477,183,0.003,1414,0.21,0,0.21,0.56,0,0.23,119,157,0,0,no,no,0,566.18,9,1407,11,0.0128,384,3,57,213,230,1150,6.6,6.9,9.4,5.8,20.4,61.1,10,8,50,71,1.3,0.6,54,4,10.9,1.7,0.16,1.3,21,63,16,silt.loam,29.33,7.39,0,1,1,0,Corn,1,M,0,0,0,0,0,0,0,0,0,0,0,0
107,135,yes,top,39.023908,-125.530577,180,0.004,1422,0.35,0,0.35,0,0.09,0.56,70,128,0,0,no,no,0,772.39,13,1417,7.3,0.0194,903,2.9,50,296,125,900,6.1,6.9,7.5,10.1,13.9,60,8,2,48,66,1.1,0.2,6,3,10.3,1.7,0.163,1.34,21,59,20,silt.loam,29.85,7.48,0,1,1,0,Soybean,1,M,0,0,0,0,0,0,0,0,0,0,0,0
108,136,yes,bottom,39.007947,-125.534181,183,0.008,2090,0.75,0,0.75,0,0.17,0.08,110,208,0,0,no,no,0,309.4,37,3144,18.7,0.0169,817,2.7,45,205,150,1300,7.3,7.2,8.3,6.4,15.1,78.5,20,2,63,102,1.2,0.3,35,3,10.4,1.6,0.15,1.36,19,61,20,silt.loam,30.69,7.22,0,1,0,0,Corn,1,M,0,0,0,0,0,0,0,0,0,0,0,0
109,137,yes,top,39.004265,-125.531157,182,0.004,1574,0.27,0.07,0.2,0.14,0.17,0.42,243,154,0,0,yes,no,163.77,380.24,12,1679,13.4,0.0125,631,2.3,66,167,110,1000,6.7,6.9,7.5,5.7,12.1,66.3,10,6,55,100,1.3,0.3,39,2,9.7,1.3,0.137,1.42,25,61,14,silt.loam,30.14,5.69,0,0,1,0,Corn,1,M,0,0,0,0,0,0,0,0,0,0,0,0
110,139,yes,top,39.000546,-125.537685,184,0.005,1951,0,0,0,0.83,0.09,0.08,496,415,0,0,no,no,0,663.71,6,1950,14.4,0.0136,2536,3.3,155,290,360,1950,7.5,7.2,13.5,5.5,22.2,72.3,10,12,37,96,2.1,1.3,15,3,8.5,1.9,0.225,1.28,21,59,20,silt.loam,32.77,9.08,1,0,1,0,Soybean,1,L,0,0,0,0,0,0,0,0,0,0,0,0
111,140,yes,middle,39.002382,-125.535752,184,0.004,2757,0,0,0,0.79,0,0.21,513,251,0,0,no,no,0,495.72,6,2738,34.1,0.008,2056,2.6,70,211,485,3150,7.7,7.2,20.3,2.7,19.9,77.5,10,8,40,81,1.6,0.6,64,4,8.6,1.5,0.176,1.33,15,69,16,silt.loam,30.9,6.47,1,0,1,0,Corn,1,A,1,0,0,0,0,0,0,0,0,0,0,0
112,141,yes,top,39.012091,-125.549567,180,0.002,1579,0.45,0.45,0,0,0.21,0.34,241,192,0,0,no,no,0,437.83,6,1549,13.8,0.0112,112,2.5,37,280,120,900,5.7,6.8,8.6,8.3,11.6,52.2,8,2,42,79,1.2,0.2,15,5,8.4,1.5,0.172,1.37,18,63,1,silt.loam,32.3,7.09,0,0,0,0,Soybean,1,L,0,0,0,0,0,0,0,0,0,0,0,0
