"Plot","Side","Corn_ID","Corn_weed_management","Sample_weight_gram","Sample_elutriated_gram","Elutriated_area_m2","AMATA_total_viable","AMATA_readily_germinable","AMATA_dormant","AMATA_dead","Community_total_viable","Year","Rotation","Crop","Block","Conversion_factor","AMATA_total_viable_density","AMATA_readily_germinable_density","AMATA_dormant_density","AMATA_dead_density","Community_total_viable_density"
"11","W","C3","conv",3041,2453.4,0.00678,5,2,3,0,20,2014,"3-year","corn","1","147.492625368732",737.463126843658,294.985250737463,442.477876106195,0,2949.85250737463
"11","E","C3","low",3203,2641.4,0.00693,11,0,11,3,87,2014,"3-year","corn","1","144.300144300144",1587.30158730159,0,1587.30158730159,432.900432900433,12554.1125541126
"12","W","A4","conv",2927,2586.8,0.00742,0,0,0,1,40,2014,"4-year","alfalfa","1","134.770889487871",0,0,0,134.770889487871,5390.83557951482
"12","E","A4","low",2930,1155,0.00331,3,0,3,2,10,2014,"4-year","alfalfa","1","302.114803625378",906.344410876133,0,906.344410876133,604.229607250755,3021.14803625378
"13","W","C2","low",3320,2898.3,0.00733,6,0,6,1,10,2014,"2-year","corn","1","136.425648021828",818.553888130969,0,818.553888130969,136.425648021828,1364.25648021828
"13","E","C2","conv",3024,2403.9,0.00668,9,0,9,0,12,2014,"2-year","corn","1","149.700598802395",1347.30538922156,0,1347.30538922156,0,1796.40718562874
"14","W","S4","low",3054,2573,0.00708,5,3,2,2,15,2014,"4-year","soybean","1","141.242937853107",706.214689265537,423.728813559322,282.485875706215,282.485875706215,2118.64406779661
"14","E","S4","conv",3163,2712.8,0.0072,24,4,20,3,28,2014,"4-year","soybean","1","138.888888888889",3333.33333333333,555.555555555556,2777.77777777778,416.666666666667,3888.88888888889
"15","W","O3","conv",3127,2679.4,0.0072,4,0,4,22,18,2014,"3-year","oat","1","138.888888888889",555.555555555556,0,555.555555555556,3055.55555555556,2500
"15","E","O3","low",3125,2677.7,0.0072,7,1,6,13,42,2014,"3-year","oat","1","138.888888888889",972.222222222222,138.888888888889,833.333333333333,1805.55555555556,5833.33333333333
"16","W","S3","conv",2775,2375.3,0.00719,8,0,8,0,15,2014,"3-year","soybean","1","139.082058414465",1112.65646731572,0,1112.65646731572,0,2086.23087621697
"16","E","S3","low",3408,3010.3,0.00742,0,0,0,0,6,2014,"3-year","soybean","1","134.770889487871",0,0,0,0,808.625336927224
"17","W","O4","low",2973,2451.9,0.00693,0,0,0,0,8,2014,"4-year","oat","1","144.300144300144",0,0,0,0,1154.40115440115
"17","E","O4","conv",3193,2656,0.00699,6,0,6,3,14,2014,"4-year","oat","1","143.061516452074",858.369098712446,0,858.369098712446,429.184549356223,2002.86123032904
"18","W","C4","low",3286,2855.7,0.0073,2,1,1,1,11,2014,"4-year","corn","1","136.986301369863",273.972602739726,136.986301369863,136.986301369863,136.986301369863,1506.84931506849
"18","E","C4","conv",3188,2749.3,0.00724,7,0,7,1,15,2014,"4-year","corn","1","138.121546961326",966.850828729282,0,966.850828729282,138.121546961326,2071.82320441989
"19","W","S2","low",3232,2836.3,0.00737,9,1,8,0,15,2014,"2-year","soybean","1","135.685210312076",1221.16689280868,135.685210312076,1085.48168249661,0,2035.27815468114
"19","E","S2","conv",2571,2130.8,0.00696,7,0,7,0,9,2014,"2-year","soybean","1","143.67816091954",1005.74712643678,0,1005.74712643678,0,1293.10344827586
"21","W","A4","low",3041,2584.5,0.00714,1,0,1,2,5,2014,"4-year","alfalfa","2","140.056022408964",140.056022408964,0,140.056022408964,280.112044817927,700.280112044818
"21","E","A4","conv",3107,2674.6,0.00723,11,0,11,1,27,2014,"4-year","alfalfa","2","138.312586445367",1521.43845089903,0,1521.43845089903,138.312586445367,3734.4398340249
"22","W","O4","conv",2988,2544.6,0.00715,11,2,9,4,21,2014,"4-year","oat","2","139.86013986014",1538.46153846154,279.72027972028,1258.74125874126,559.440559440559,2937.06293706294
"22","E","O4","low",3072,2628,0.00719,5,0,5,2,26,2014,"4-year","oat","2","139.082058414465",695.410292072323,0,695.410292072323,278.164116828929,3616.13351877608
"23","W","C3","conv",2973,2353.4,0.00665,2,1,1,0,8,2014,"3-year","corn","2","150.375939849624",300.751879699248,150.375939849624,150.375939849624,0,1203.00751879699
"23","E","C3","low",2820,2366.6,0.00705,2,2,0,1,28,2014,"3-year","corn","2","141.843971631206",283.687943262411,283.687943262411,0,141.843971631206,3971.63120567376
"24","W","C2","low",3578,2923.7,0.00686,0,0,0,0,2,2014,"2-year","corn","2","145.772594752187",0,0,0,0,291.545189504373
"24","E","C2","conv",3013,2524,0.00704,7,0,7,3,16,2014,"2-year","corn","2","142.045454545455",994.318181818182,0,994.318181818182,426.136363636364,2272.72727272727
"25","W","S3","low",3496,3008.1,0.00723,19,3,16,2,60,2014,"3-year","soybean","2","138.312586445367",2627.93914246196,414.9377593361,2213.00138312586,276.625172890733,8298.75518672199
"25","E","S3","conv",3440,2842.2,0.00694,27,7,20,1,51,2014,"3-year","soybean","2","144.092219020173",3890.48991354467,1008.64553314121,2881.84438040346,144.092219020173,7348.70317002882
"26","W","O3","conv",3093,2640.1,0.00717,46,9,37,0,128,2014,"3-year","oat","2","139.470013947001",6415.62064156206,1255.23012552301,5160.39051603905,0,17852.1617852162
"26","E","O3","low",3148,2691.4,0.00718,6,2,4,16,47,2014,"3-year","oat","2","139.275766016713",835.654596100279,278.551532033426,557.103064066852,2228.41225626741,6545.96100278552
"27","W","S2","conv",3289,2853.4,0.00729,2,0,2,5,4,2014,"2-year","soybean","2","137.174211248285",274.348422496571,0,274.348422496571,685.871056241427,548.696844993141
"27","E","S2","low",3184,2738.5,0.00722,5,0,5,3,8,2014,"2-year","soybean","2","138.504155124654",692.520775623269,0,692.520775623269,415.512465373961,1108.03324099723
"28","W","C4","conv",2834,2438.7,0.00723,2,0,2,1,7,2014,"4-year","corn","2","138.312586445367",276.625172890733,0,276.625172890733,138.312586445367,968.188105117566
"28","E","C4","low",2862,2406.5,0.00706,13,1,12,4,17,2014,"4-year","corn","2","141.643059490085",1841.3597733711,141.643059490085,1699.71671388102,566.57223796034,2407.93201133144
"29","W","S4","conv",3062,2674.7,0.00734,11,1,10,2,22,2014,"4-year","soybean","2","136.239782016349",1498.63760217984,136.239782016349,1362.39782016349,272.479564032698,2997.27520435967
"29","E","S4","low",3014,2581,0.00719,12,1,11,0,24,2014,"4-year","soybean","2","139.082058414465",1668.98470097357,139.082058414465,1529.90264255911,0,3337.96940194715
"31","W","A4","conv",3138,2717.5,0.00727,6,0,6,0,31,2014,"4-year","alfalfa","3","137.551581843191",825.309491059147,0,825.309491059147,0,4264.09903713893
"31","E","A4","low",3078,1266.8,0.00346,0,0,0,2,28,2014,"4-year","alfalfa","3","289.017341040462",0,0,0,578.034682080925,8092.48554913295
"32","W","S4","low",3101,2614.6,0.00708,6,1,5,0,9,2014,"4-year","soybean","3","141.242937853107",847.457627118644,141.242937853107,706.214689265537,0,1271.18644067797
"32","E","S4","conv",2907,2423.4,0.007,6,1,5,4,9,2014,"4-year","soybean","3","142.857142857143",857.142857142857,142.857142857143,714.285714285714,571.428571428571,1285.71428571429
"33","W","S3","low",3264,2868.5,0.00738,33,3,30,3,91,2014,"3-year","soybean","3","135.50135501355",4471.54471544715,406.50406504065,4065.0406504065,406.50406504065,12330.6233062331
"33","E","S3","conv",3153,2689.9,0.00717,9,0,9,0,18,2014,"3-year","soybean","3","139.470013947001",1255.23012552301,0,1255.23012552301,0,2510.46025104603
"34","W","C2","low",3352,2941.6,0.00737,8,0,8,0,13,2014,"2-year","corn","3","135.685210312076",1085.48168249661,0,1085.48168249661,0,1763.90773405699
"34","E","C2","conv",3128,2679.9,0.0072,6,0,6,3,7,2014,"2-year","corn","3","138.888888888889",833.333333333333,0,833.333333333333,416.666666666667,972.222222222222
"35","W","S2","low",3172,2790.3,0.00739,3,0,3,0,5,2014,"2-year","soybean","3","135.31799729364",405.95399188092,0,405.95399188092,0,676.5899864682
"35","E","S2","conv",3420,3014.4,0.0074,5,1,4,7,5,2014,"2-year","soybean","3","135.135135135135",675.675675675676,135.135135135135,540.540540540541,945.945945945946,675.675675675676
"36","W","O3","low",3132,2700.4,0.00724,25,5,20,0,76,2014,"3-year","oat","3","138.121546961326",3453.03867403315,690.60773480663,2762.43093922652,0,10497.2375690608
"36","E","O3","conv",3400,2877.3,0.00711,17,6,11,16,33,2014,"3-year","oat","3","140.646976090014",2390.99859353024,843.881856540085,1547.11673699015,2250.35161744023,4641.35021097047
"37","W","C4","low",3127,986.7,0.00265,7,2,5,2,12,2014,"4-year","corn","3","377.358490566038",2641.50943396226,754.716981132075,1886.79245283019,754.716981132075,4528.30188679245
"37","E","C4","conv",3237,2830.2,0.00734,15,1,14,1,18,2014,"4-year","corn","3","136.239782016349",2043.59673024523,136.239782016349,1907.35694822888,136.239782016349,2452.31607629428
"38","W","C3","conv",3309,2673.1,0.00679,2,0,2,9,13,2014,"3-year","corn","3","147.275405007364",294.550810014728,0,294.550810014728,1325.47864506627,1914.58026509573
"38","E","C3","low",3134,2713.5,0.00727,18,4,14,0,28,2014,"3-year","corn","3","137.551581843191",2475.92847317744,550.206327372765,1925.72214580468,0,3851.44429160935
"39","W","O4","low",2913,2323,0.0067,1,0,1,7,5,2014,"4-year","oat","3","149.253731343284",149.253731343284,0,149.253731343284,1044.77611940299,746.268656716418
"39","E","O4","conv",3352,2883.7,0.00723,7,2,5,3,15,2014,"4-year","oat","3","138.312586445367",968.188105117566,276.625172890733,691.562932226833,414.9377593361,2074.6887966805
"41","W","O4","low",2878,2348.4,0.00685,0,0,0,2,1,2014,"4-year","oat","4","145.985401459854",0,0,0,291.970802919708,145.985401459854
"41","E","O4","conv",3100,2543.3,0.00689,0,0,0,0,10,2014,"4-year","oat","4","145.137880986938",0,0,0,0,1451.37880986938
"42","W","S3","conv",3118,2708.9,0.0073,5,2,3,1,12,2014,"3-year","soybean","4","136.986301369863",684.931506849315,273.972602739726,410.958904109589,136.986301369863,1643.83561643836
"42","E","S3","low",3341,2945.5,0.00741,17,3,14,6,40,2014,"3-year","soybean","4","134.952766531714",2294.19703103914,404.858299595142,1889.33873144399,809.716599190283,5398.11066126856
"43","W","A4","conv",3023,2638,0.00733,8,0,8,0,19,2014,"4-year","alfalfa","4","136.425648021828",1091.40518417462,0,1091.40518417462,0,2592.08731241473
"43","E","A4","low",3065,2612.2,0.00716,6,1,5,1,9,2014,"4-year","alfalfa","4","139.664804469274",837.988826815642,139.664804469274,698.324022346369,139.664804469274,1256.98324022346
"44","W","C2","conv",3275,2865.8,0.00735,0,0,0,1,4,2014,"2-year","corn","4","136.054421768707",0,0,0,136.054421768707,544.21768707483
"44","E","C2","low",3108,2650.8,0.00716,4,1,3,1,5,2014,"2-year","corn","4","139.664804469274",558.659217877095,139.664804469274,418.994413407821,139.664804469274,698.324022346369
"45","W","S2","low",3246,2811.1,0.00727,3,0,3,2,30,2014,"2-year","soybean","4","137.551581843191",412.654745529574,0,412.654745529574,275.103163686382,4126.54745529574
"45","E","S2","conv",3215,2802.9,0.00732,7,7,0,0,7,2014,"2-year","soybean","4","136.612021857924",956.284153005465,956.284153005465,0,0,956.284153005465
"46","W","C4","low",2882,2505.9,0.0073,8,7,1,1,10,2014,"4-year","corn","4","136.986301369863",1095.8904109589,958.904109589041,136.986301369863,136.986301369863,1369.86301369863
"46","E","C4","conv",3313,2878.7,0.0073,4,0,4,0,8,2014,"4-year","corn","4","136.986301369863",547.945205479452,0,547.945205479452,0,1095.8904109589
"47","W","O3","conv",3205,2684.3,0.00704,16,0,16,6,18,2014,"3-year","oat","4","142.045454545455",2272.72727272727,0,2272.72727272727,852.272727272727,2556.81818181818
"47","E","O3","low",3159,2653.1,0.00705,4,0,4,15,16,2014,"3-year","oat","4","141.843971631206",567.375886524823,0,567.375886524823,2127.65957446809,2269.50354609929
"48","W","C3","low",2857,2398,0.00705,30,8,22,1,46,2014,"3-year","corn","4","141.843971631206",4255.31914893617,1134.75177304965,3120.56737588653,141.843971631206,6524.82269503546
"48","E","C3","conv",3274,1610.9,0.00413,4,0,4,3,31,2014,"3-year","corn","4","242.130750605327",968.523002421308,0,968.523002421308,726.392251815981,7506.05326876513
"49","W","S4","low",3343,2948.6,0.00741,22,8,14,14,25,2014,"4-year","soybean","4","134.952766531714",2968.96086369771,1079.62213225371,1889.33873144399,1889.33873144399,3373.81916329285
"49","E","S4","conv",2836,2406.7,0.00713,31,1,30,4,44,2014,"4-year","soybean","4","140.252454417952",4347.82608695652,140.252454417952,4207.57363253857,561.009817671809,6171.1079943899
"11","W","S3","conv",3282.5,2624.6,0.006716417,9,0,9,0,65,2015,"3-year","soybean","1","148.888909071608",1340.00018164447,0,1340.00018164447,0,9677.7790896545
"11","E","S3","low",3143,2456.7,0.006565791,4,0,4,1,98,2015,"3-year","soybean","1","152.304573812965",609.218295251859,0,609.218295251859,152.304573812965,14925.8482336706
"12","W","C4","conv",2955.4,2257.9,0.006417527,8,0,8,1,20,2015,"4-year","corn","1","155.82326338479",1246.58610707832,0,1246.58610707832,155.82326338479,3116.4652676958
"12","E","C4","low",3202.3,2599.7,0.006819311,3,0,3,3,12,2015,"4-year","corn","1","146.642380733186",439.927142199557,0,439.927142199557,439.927142199557,1759.70856879823
"13","W","S2","low",4006.6,3379.3,0.00708484,31,5,26,3,52,2015,"2-year","soybean","1","141.146447908492",4375.53988516325,705.73223954246,3669.80764562079,423.439343725476,7339.61529124158
"13","E","S2","conv",3243.4,2579.2,0.006679805,29,3,26,3,33,2015,"2-year","soybean","1","149.704968932476",4341.44409904181,449.114906797429,3892.32919224438,449.114906797429,4940.26397477172
"14","W","O4","low",2549.2,2027.7,0.006681579,41,11,30,14,50,2015,"4-year","oat","1","149.665221349624",6136.27407533459,1646.31743484586,4489.95664048872,2095.31309889474,7483.2610674812
"14","E","O4","conv",2686.3,2061.7,0.00644689,45,11,34,14,57,2015,"4-year","oat","1","155.113550874918",6980.10978937131,1706.2490596241,5273.86072974721,2171.58971224885,8841.47239987032
"15","W","C3","conv",3221.7,2683.1,0.006995698,20,1,19,3,36,2015,"3-year","corn","1","142.944992765554",2858.89985531108,142.944992765554,2715.95486254552,428.834978296662,5146.01973955994
"15","E","C3","low",2971.3,2396.9,0.006776145,5,4,1,0,26,2015,"3-year","corn","1","147.576535035776",737.882675178881,590.306140143105,147.576535035776,0,3836.98991093018
"16","W","O3","conv",2823.7,2254.2,0.00670584,5,0,5,0,27,2015,"3-year","oat","1","149.123748851747",745.618744258736,0,745.618744258736,0,4026.34121899717
"16","E","O3","low",3114,2606.2,0.007030212,22,3,19,2,96,2015,"3-year","oat","1","142.243221114811",3129.35086452585,426.729663344434,2702.62120118142,284.486442229623,13655.3492270219
"17","W","A4","low",3203.8,2624.8,0.006881928,4,2,2,7,7,2015,"4-year","alfalfa","1","145.308117143917",581.232468575667,290.616234287833,290.616234287833,1017.15682000742,1017.15682000742
"17","E","A4","conv",2999.7,2434.8,0.006818122,1,0,1,7,7,2015,"4-year","alfalfa","1","146.667953433511",146.667953433511,0,146.667953433511,1026.67567403458,1026.67567403458
"18","W","S4","low",3157.2,3157.2,0.0084,31,7,24,23,87,2015,"4-year","soybean","1","119.047619047619",3690.47619047619,833.333333333333,2857.14285714286,2738.09523809524,10357.1428571429
"18","E","S4","conv",3090.5,2499,0.006792299,7,3,4,1,14,2015,"4-year","soybean","1","147.225556472116",1030.57889530481,441.676669416349,588.902225888466,147.225556472116,2061.15779060963
"19","W","C2","low",3335,2605.1,0.006561571,4,1,3,1,15,2015,"2-year","corn","1","152.402526772933",609.610107091731,152.402526772933,457.207580318799,152.402526772933,2286.03790159399
"19","E","C2","conv",3257.2,2761.1,0.007120607,9,1,8,5,14,2015,"2-year","corn","1","140.437465513825",1263.93718962442,140.437465513825,1123.4997241106,702.187327569124,1966.12451719355
"21","W","C4","low",3331.5,2809.1,0.007082828,10,4,6,4,34,2015,"4-year","corn","2","141.186543002315",1411.86543002315,564.74617200926,847.119258013889,564.74617200926,4800.34246207871
"21","E","C4","conv",3208.8,2531,0.006625654,5,0,5,0,20,2015,"4-year","corn","2","150.928497020822",754.642485104112,0,754.642485104112,0,3018.56994041645
"22","W","A4","conv",2947,2375,0.006769596,5,1,4,16,11,2015,"4-year","alfalfa","2","147.719302599446",738.596512997231,147.719302599446,590.877210397784,2363.50884159114,1624.91232859391
"22","E","A4","low",2667.3,2110.5,0.006646496,3,0,3,9,13,2015,"4-year","alfalfa","2","150.455217305479",451.365651916438,0,451.365651916438,1354.09695574932,1955.91782497123
"23","W","S3","conv",3007.3,2484.4,0.006939434,4,0,4,0,13,2015,"3-year","soybean","2","144.103971591919",576.415886367678,0,576.415886367678,0,1873.35163069495
"23","E","S3","low",3310.5,2651.6,0.00672812,28,3,25,5,144,2015,"3-year","soybean","2","148.629929311606",4161.63802072496,445.889787934817,3715.74823279014,743.149646558028,21402.7098208712
"24","W","S2","low",3362.5,2866.6,0.007161172,9,4,5,4,32,2015,"2-year","soybean","2","139.641946876852",1256.77752189167,558.567787507408,698.20973438426,558.567787507408,4468.54230005926
"24","E","S2","conv",3216,2740.8,0.007158806,27,8,19,11,38,2015,"2-year","soybean","2","139.688098825419",3771.5786682863,1117.50479060335,2654.07387768295,1536.56908707961,5308.14775536591
"25","W","O3","low",3007.2,2352.3,0.00657067,11,0,11,8,45,2015,"3-year","oat","2","152.191481234029",1674.10629357432,0,1674.10629357432,1217.53184987224,6848.61665553132
"25","E","O3","conv",2950.3,2285.8,0.006508057,37,4,33,0,58,2015,"3-year","oat","2","153.655691706449",5685.26059313863,614.622766825798,5070.63782631283,0,8912.03011897407
"26","W","C3","conv",3228.5,2696.8,0.007016608,22,2,20,0,66,2015,"3-year","corn","2","142.519006334685",3135.41813936307,285.03801266937,2850.3801266937,0,9406.2544180892
"26","E","C3","low",3198.3,2693.46,0.007074091,10,4,6,14,40,2015,"3-year","corn","2","141.360918314452",1413.60918314452,565.443673257808,848.165509886712,1979.05285640233,5654.43673257808
"27","W","C2","conv",2706.7,2110.4,0.006549437,2,0,2,2,6,2015,"2-year","corn","2","152.684879631639",305.369759263277,0,305.369759263277,305.369759263277,916.109277789831
"27","E","C2","low",3071.2,2445.2,0.006687835,7,2,5,5,9,2015,"2-year","corn","2","149.525220045052",1046.67654031536,299.050440090104,747.62610022526,747.62610022526,1345.72698040547
"28","W","S4","conv",3031.9,2458.1,0.006810264,19,0,19,0,27,2015,"4-year","soybean","2","146.837185753739",2789.90652932104,0,2789.90652932104,0,3964.60401535095
"28","E","S4","low",2863.3,2863.3,0.0084,103,11,92,55,128,2015,"4-year","soybean","2","119.047619047619",12261.9047619048,1309.52380952381,10952.380952381,6547.61904761905,15238.0952380952
"29","W","O4","conv",2752,2246.2,0.006856134,50,9,41,15,54,2015,"4-year","oat","2","145.854792219639",7292.73961098193,1312.69312997675,5980.04648100518,2187.82188329458,7876.15877986049
"29","E","O4","low",2952.8,2354.7,0.006698551,33,8,25,9,75,2015,"4-year","oat","2","149.286017229696",4926.43856857998,1194.28813783757,3732.15043074241,1343.57415506727,11196.4512922272
"31","W","C4","conv",2725.2,2246.3,0.006923866,2,0,2,2,12,2015,"4-year","corn","3","144.427982863909",288.855965727817,0,288.855965727817,288.855965727817,1733.1357943669
"31","E","C4","low",3383.6,2831,0.007028136,6,1,5,1,16,2015,"4-year","corn","3","142.28523750821",853.711425049259,142.28523750821,711.426187541049,142.28523750821,2276.56380013136
"32","W","O4","low",2854.6,2282.2,0.006715645,9,0,9,9,20,2015,"4-year","oat","3","148.906024663305",1340.15422196974,0,1340.15422196974,1340.15422196974,2978.1204932661
"32","E","O4","conv",3219.8,2678.9,0.006988869,0,0,0,0,5,2015,"4-year","oat","3","143.084667919802",0,0,0,0,715.423339599011
"33","W","O3","low",3016.3,2471.8,0.006883639,41,7,34,7,111,2015,"3-year","oat","3","145.271999301532",5956.15197136282,1016.90399511073,4939.2479762521,1016.90399511073,16125.1919224701
"33","E","O3","conv",3275.2,2841,0.007286395,18,2,16,7,41,2015,"3-year","oat","3","137.242079244949",2470.35742640908,274.484158489898,2195.87326791918,960.694554714643,5626.92524904291
"34","W","S2","low",3132,2571.2,0.006895939,3,1,2,8,21,2015,"2-year","soybean","3","145.01288366965",435.038651008949,145.01288366965,290.025767339299,1160.1030693572,3045.27055706264
"34","E","S2","conv",3517.8,2972.3,0.007097425,9,1,8,3,32,2015,"2-year","soybean","3","140.896170089857",1268.06553080871,140.896170089857,1127.16936071885,422.68851026957,4508.67744287541
"35","W","C2","low",3165.3,2647.7,0.007026405,1,0,1,0,5,2015,"2-year","corn","3","142.320290390321",142.320290390321,0,142.320290390321,0,711.601451951602
"35","E","C2","conv",3538,3029.5,0.007192708,6,2,4,0,10,2015,"2-year","corn","3","139.029695074512",834.17817044707,278.059390149023,556.118780298046,0,1390.29695074512
"36","W","C3","low",3499.2,2969,0.007127229,25,2,23,1,70,2015,"3-year","corn","3","140.306983260956",3507.6745815239,280.613966521912,3227.06061500199,140.306983260956,9821.48882826692
"36","E","C3","conv",3445.7,2890.9,0.007047497,13,0,13,0,42,2015,"3-year","corn","3","141.894349156871",1844.62653903932,0,1844.62653903932,0,5959.56266458858
"37","W","S4","low",3854.7,3854.7,0.0084,46,6,40,15,141,2015,"4-year","soybean","3","119.047619047619",5476.19047619048,714.285714285714,4761.90476190476,1785.71428571429,16785.7142857143
"37","E","S4","conv",3661.7,3074.6,0.007053183,6,3,3,2,15,2015,"4-year","soybean","3","141.779959487794",850.679756926766,425.339878463383,425.339878463383,283.559918975589,2126.69939231692
"38","W","S3","conv",4326.5,3719.6,0.00722169,6,0,6,10,31,2015,"3-year","soybean","3","138.471742763813",830.830456582877,0,830.830456582877,1384.71742763813,4292.6240256782
"38","E","S3","low",3607.1,3049.7,0.00710196,12,2,10,3,38,2015,"3-year","soybean","3","140.806199978597",1689.67439974317,281.612399957195,1408.06199978597,422.418599935792,5350.6355991867
"39","W","A4","low",3249.7,2716.7,0.007022273,4,1,3,0,11,2015,"4-year","alfalfa","3","142.40403356577",569.61613426308,142.40403356577,427.21210069731,0,1566.44436922347
"39","E","A4","conv",3291,2710.2,0.006917557,5,1,4,0,18,2015,"4-year","alfalfa","3","144.559705109766",722.798525548832,144.559705109766,578.238820439065,0,2602.07469197579
"41","W","A4","low",2760.8,2110.8,0.006422312,9,0,9,1,12,2015,"4-year","alfalfa","4","155.707165892906",1401.36449303615,0,1401.36449303615,155.707165892906,1868.48599071487
"41","E","A4","conv",3049.2,2821.3,0.007772176,43,10,33,7,65,2015,"4-year","alfalfa","4","128.664096129578",5532.55613357186,1286.64096129578,4245.91517227608,900.648672907047,8363.16624842258
"42","W","O3","conv",2992.1,2502.7,0.007026062,11,1,10,4,13,2015,"3-year","oat","4","142.327238216799",1565.59962038479,142.327238216799,1423.27238216799,569.308952867196,1850.25409681839
"42","E","O3","low",3091.9,2517.7,0.006840027,33,2,31,1,58,2015,"3-year","oat","4","146.198253310988",4824.54235926262,292.396506621977,4532.14585264064,146.198253310988,8479.49869203733
"43","W","C4","conv",2765.1,2275,0.006911142,3,1,2,0,19,2015,"4-year","corn","4","144.693887059476",434.081661178427,144.693887059476,289.387774118952,0,2749.18385413004
"43","E","C4","low",3112.2,2484.1,0.006704723,4,0,4,0,8,2015,"4-year","corn","4","149.148592715911",596.594370863643,0,596.594370863643,0,1193.18874172729
"44","W","S2","conv",2946.7,2434.8,0.006940754,18,1,17,8,36,2015,"2-year","soybean","4","144.076565744874",2593.37818340774,144.076565744874,2449.30161766286,1152.612525959,5186.75636681548
"44","E","S2","low",3278.4,2497.7,0.006399671,8,1,7,0,22,2015,"2-year","soybean","4","156.25803263949",1250.06426111592,156.25803263949,1093.80622847643,0,3437.67671806879
"45","W","C2","low",3158.3,2483.8,0.00660606,5,1,4,0,6,2015,"2-year","corn","4","151.376160676712",756.88080338356,151.376160676712,605.504642706848,0,908.256964060272
"45","E","C2","conv",3365.6,2764.5,0.00689975,5,0,5,0,7,2015,"2-year","corn","4","144.932787419834",724.66393709917,0,724.66393709917,0,1014.52951193884
"46","W","S4","low",3596.9,3596.9,0.0084,69,17,52,31,159,2015,"4-year","soybean","4","119.047619047619",8214.28571428571,2023.80952380952,6190.47619047619,3690.47619047619,18928.5714285714
"46","E","S4","conv",2905.4,2324.1,0.006719364,25,5,20,9,54,2015,"4-year","soybean","4","148.823608901081",3720.59022252701,744.118044505403,2976.47217802161,1339.41248010972,8036.47488065835
"47","W","C3","conv",3153.5,2601.8,0.006930433,21,2,19,0,30,2015,"3-year","corn","4","144.291128707254",3030.11370285233,288.582257414508,2741.53144543782,0,4328.73386121762
"47","E","C3","low",3138.1,2737.9,0.007328753,8,1,7,0,38,2015,"3-year","corn","4","136.448861081824",1091.59088865459,136.448861081824,955.142027572767,0,5185.05672110931
"48","W","S3","low",3216,2756.2,0.00719903,36,5,31,27,131,2015,"3-year","soybean","4","138.907602829826",5000.67370187372,694.538014149128,4306.1356877246,3750.50527640529,18196.8959707072
"48","E","S3","conv",3762.2,3116,0.006957206,28,5,23,6,56,2015,"3-year","soybean","4","143.735861781296",4024.60412987628,718.679308906478,3305.9248209698,862.415170687773,8049.20825975255
"49","W","O4","low",2806.4,2209.7,0.006613982,22,10,12,19,30,2015,"4-year","oat","4","151.194847521508",3326.28664547318,1511.94847521508,1814.3381702581,2872.70210290866,4535.84542564525
"49","E","O4","conv",2546.2,2000.6,0.006600047,33,6,27,21,40,2015,"4-year","oat","4","151.514072551302",4999.96439419295,909.084435307809,4090.87995888514,3181.79552357733,6060.56290205206
"11","W","O3","conv",3116.3,2667.8,0.007191066,9,0,9,2,33,2016,"3-year","oat","1","139.061440960214",1251.55296864192,0,1251.55296864192,278.122881920427,4589.02755168705
"11","E","O3","low",2895.7,2498.6,0.007248071,40,10,30,40,243,2016,"3-year","oat","1","137.967743417524",5518.70973670098,1379.67743417524,4139.03230252573,5518.70973670098,33526.1616504584
"12","W","S4","conv",3362.5,2901.7,0.007248857,46,3,43,13,63,2016,"4-year","soybean","1","137.952783452619",6345.82803882046,413.858350357856,5931.96968846261,1793.38618488404,8691.02535751499
"12","E","S4","low",3308.9,2844.5,0.00722107,6,2,4,0,32,2016,"4-year","soybean","1","138.483631927124",830.901791562746,276.967263854249,553.934527708498,0,4431.47622166798
"13","W","C2","low",3128.7,2682,0.00720069,14,1,13,16,40,2016,"2-year","corn","1","138.875579979141",1944.25811970797,138.875579979141,1805.38253972883,2222.00927966625,5555.02319916564
"13","E","C2","conv",3370.7,2636.1,0.00656933,11,1,10,5,17,2016,"2-year","corn","1","152.222524975911",1674.44777473502,152.222524975911,1522.22524975911,761.112624879554,2587.78292459048
"14","W","A4","low",3658.3,3177.4,0.007295782,17,4,13,21,40,2016,"4-year","alfalfa","1","137.065498941717",2330.11348200919,548.261995766869,1781.85148624232,2878.37547777606,5482.61995766869
"14","E","A4","conv",2981.1,2970.3,0.008369568,19,4,15,16,43,2016,"4-year","alfalfa","1","119.480479757139",2270.12911538564,477.921919028557,1792.20719635709,1911.68767611423,5137.66062955698
"15","W","S3","conv",3247.9,2899.4,0.007498679,18,4,14,5,39,2016,"3-year","soybean","1","133.3568219149",2400.4227944682,533.4272876596,1866.9955068086,666.7841095745,5200.9160546811
"15","E","S3","low",3508.9,3061,0.007327767,39,6,33,14,111,2016,"3-year","soybean","1","136.467221187573",5322.22162631536,818.803327125439,4503.41829918992,1910.54109662603,15147.8615518206
"16","W","C3","conv",3278.4,2798.1,0.007169363,10,4,6,8,19,2016,"3-year","corn","1","139.482405898544",1394.82405898544,557.929623594174,836.894435391261,1115.85924718835,2650.16571207233
"16","E","C3","low",3330.1,2836.7,0.007155425,35,2,33,18,107,2016,"3-year","corn","1","139.754102656376",4891.39359297316,279.508205312752,4611.88538766041,2515.57384781477,14953.6889842322
"17","W","C4","low",3629.3,3087.8,0.0071467,8,1,7,4,10,2016,"4-year","corn","1","139.924720500371",1119.39776400297,139.924720500371,979.473043502596,559.698882001483,1399.24720500371
"17","E","C4","conv",3686.4,3282.6,0.007479883,5,0,5,2,13,2016,"4-year","corn","1","133.691930742767",668.459653713835,0,668.459653713835,267.383861485534,1737.99509965597
"18","W","O4","low",3509.3,3015.8,0.007218739,24,2,22,8,175,2016,"4-year","oat","1","138.528349618957",3324.68039085497,277.056699237914,3047.62369161705,1108.22679695166,24242.4611833175
"18","E","O4","conv",2858,2451.1,0.007204073,22,3,19,10,58,2016,"4-year","oat","1","138.810364636783",3053.82802200922,416.431093910348,2637.39692809887,1388.10364636783,8051.00114893339
"19","W","S2","low",3399.5,2963.1,0.007321677,43,2,41,12,64,2016,"2-year","soybean","1","136.580731436254",5872.97145175893,273.161462872509,5599.80998888643,1638.96877723505,8741.16681192027
"19","E","S2","conv",3395.3,2943.6,0.007282491,23,2,21,5,29,2016,"2-year","soybean","1","137.315652020717",3158.25999647648,274.631304041433,2883.62869243505,686.578260103583,3982.15390860078
"21","W","S4","low",3319.5,2949.5,0.007463714,28,5,23,5,152,2016,"4-year","soybean","2","133.981553955578",3751.48351075617,669.907769777888,3081.57574097829,669.907769777888,20365.1962012478
"21","E","S4","conv",3319.7,2899.5,0.007336747,15,1,14,4,38,2016,"4-year","soybean","2","136.300188625831",2044.50282938747,136.300188625831,1908.20264076163,545.200754503324,5179.40716778158
"22","W","C4","conv",3969.8,3281.1,0.006942728,12,6,6,12,18,2016,"4-year","corn","2","144.035600991426",1728.42721189711,864.213605948555,864.213605948555,1728.42721189711,2592.64081784567
"22","E","C4","low",3321.3,2820.5,0.007133412,1,0,1,3,9,2016,"4-year","corn","2","140.18536991835",140.18536991835,0,140.18536991835,420.556109755051,1261.66832926515
"23","W","O3","conv",3618.5,3143.7,0.007297797,6,3,3,6,27,2016,"3-year","oat","2","137.027653687818",822.16592212691,411.082961063455,411.082961063455,822.16592212691,3699.7466495711
"23","E","O3","low",2800.6,2275.2,0.006824138,20,5,15,10,89,2016,"3-year","oat","2","146.538654405875",2930.7730881175,732.693272029376,2198.07981608813,1465.38654405875,13041.9402421229
"24","W","C2","low",3930.1,3405.9,0.007279601,7,0,7,8,55,2016,"2-year","corn","2","137.370166304444",961.591164131111,0,961.591164131111,1098.96133043556,7555.35914674444
"24","E","C2","conv",3139.9,2639.4,0.00706104,16,3,13,18,24,2016,"2-year","corn","2","141.622197296715",2265.95515674745,424.866591890146,1841.0885648573,2549.19955134088,3398.93273512117
"25","W","C3","low",3744.1,3238.3,0.007265223,19,10,9,18,170,2016,"3-year","corn","2","137.642024202148",2615.19845984081,1376.42024202148,1238.77821781933,2477.55643563866,23399.1441143651
"25","E","C3","conv",3169.6,2627.5,0.006963339,23,7,16,10,66,2016,"3-year","corn","2","143.609265612374",3303.01310908459,1005.26485928662,2297.74824979798,1436.09265612374,9478.21153041666
"26","W","S3","conv",3023,2882.9,0.008010705,27,1,26,16,64,2016,"3-year","soybean","2","124.832957898212",3370.48986325174,124.832957898212,3245.65690535352,1997.3273263714,7989.3093054856
"26","E","S3","low",3240.9,2877.5,0.007458113,77,1,76,13,197,2016,"3-year","soybean","2","134.082173332584",10324.327346609,134.082173332584,10190.2451732764,1743.0682533236,26414.1881465191
"27","W","S2","conv",3496.6,2772.6,0.00666071,7,0,7,3,18,2016,"2-year","soybean","2","150.134144858431",1050.93901400902,0,1050.93901400902,450.402434575293,2702.41460745176
"27","E","S2","low",3594.1,3212.8,0.007508839,42,7,35,8,69,2016,"2-year","soybean","2","133.176380529666",5593.40798224599,932.234663707665,4661.17331853833,1065.41104423733,9189.17025654698
"28","W","O4","conv",3023,2624.4,0.007292412,117,6,111,19,173,2016,"4-year","oat","2","137.128840224606",16044.0743062789,822.773041347637,15221.3012649313,2605.44796426752,23723.2893588569
"28","E","O4","low",3543.3,3146.6,0.007459555,138,33,105,54,313,2016,"4-year","oat","2","134.056254025877",18499.763055571,4423.85638285394,14075.9066727171,7239.03771739735,41959.6075100995
"29","W","A4","conv",2997.8,2276.5,0.006378878,36,6,30,13,55,2016,"4-year","alfalfa","2","156.767381348256",5643.62572853721,940.604288089536,4703.02144044768,2037.97595752733,8622.20597415408
"29","E","A4","low",2448.5,2060.2,0.00706787,22,0,22,21,42,2016,"4-year","alfalfa","2","141.485341411203",3112.67751104647,0,3112.67751104647,2971.19216963526,5942.38433927053
"31","W","S4","conv",3182.5,2838.5,0.007492035,16,0,16,4,29,2016,"4-year","soybean","3","133.475083872406",2135.60134195849,0,2135.60134195849,533.900335489623,3870.77743229977
"31","E","S4","low",3060.8,2624,0.007201255,28,1,27,7,54,2016,"4-year","soybean","3","138.864684002997",3888.21115208391,138.864684002997,3749.34646808091,972.052788020977,7498.69293616182
"32","W","A4","low",3264.5,2922.7,0.007520502,13,4,9,15,40,2016,"4-year","alfalfa","3","132.969846959684",1728.6080104759,531.879387838737,1196.72862263716,1994.54770439527,5318.79387838737
"32","E","A4","conv",3397.9,3010.6,0.00744255,40,11,29,12,50,2016,"4-year","alfalfa","3","134.362550469933",5374.50201879732,1477.98805516926,3896.51396362806,1612.3506056392,6718.12752349665
"33","W","C3","low",3588.4,3212.3,0.007519596,19,3,16,11,40,2016,"3-year","corn","3","132.985867857794",2526.7314892981,398.957603573383,2127.77388572471,1462.84454643574,5319.43471431178
"33","E","C3","conv",2962.6,2605.1,0.007386363,10,4,6,11,16,2016,"3-year","corn","3","135.384627048522",1353.84627048522,541.538508194087,812.30776229113,1489.23089753374,2166.15403277635
"34","W","C2","low",3200.9,2844.1,0.007463663,31,4,27,12,66,2016,"2-year","corn","3","133.98246946573",4153.45655343764,535.929877862921,3617.52667557471,1607.78963358876,8842.84298473819
"34","E","C2","conv",3010.2,2636.6,0.007357465,18,8,10,21,29,2016,"2-year","corn","3","135.916378807103",2446.49481852785,1087.33103045682,1359.16378807103,2854.24395494916,3941.57498540598
"35","W","S2","low",3481.5,3048.9,0.007356243,2,0,2,0,7,2016,"2-year","soybean","3","135.938956883289",271.877913766579,0,271.877913766579,0,951.572698183026
"35","E","S2","conv",2965.2,2543.6,0.007205666,12,0,12,5,16,2016,"2-year","soybean","3","138.779676993077",1665.35612391693,0,1665.35612391693,693.898384965387,2220.47483188924
"36","W","S3","low",3696,3210.5,0.007296591,111,9,102,39,308,2016,"3-year","soybean","3","137.050301983488",15212.5835201672,1233.45271785139,13979.1308023158,5344.96177735603,42211.4930109143
"36","E","S3","conv",3088.7,2661.4,0.007237919,11,1,10,17,36,2016,"3-year","soybean","3","138.161258781702",1519.77384659873,138.161258781702,1381.61258781702,2348.74139928894,4973.80531614128
"37","W","O4","low",3634,3091.3,0.007145548,55,2,53,1,123,2016,"4-year","oat","3","139.947279061032",7697.10034835677,279.894558122064,7417.2057902347,139.947279061032,17213.515324507
"37","E","O4","conv",3104,2716.3,0.007350812,51,12,39,1,182,2016,"4-year","oat","3","136.039392654852",6938.00902539747,1632.47271185823,5305.53631353924,136.039392654852,24759.1694631831
"38","W","O3","conv",3247.5,2389.9,0.006181727,13,1,12,2,32,2016,"3-year","oat","3","161.767091946959",2102.97219531047,161.767091946959,1941.20510336351,323.534183893918,5176.54694230269
"38","E","O3","low",2693.9,2204.4,0.006873663,17,4,13,5,49,2016,"3-year","oat","3","145.482837898803",2473.20824427965,581.931351595212,1891.27689268444,727.414189494015,7128.65905704135
"39","W","C4","low",3463.6,3013,0.007307195,21,1,20,4,30,2016,"4-year","corn","3","136.851418362313",2873.87978560857,136.851418362313,2737.02836724626,547.405673449251,4105.54255086938
"39","E","C4","conv",2812.8,2466.4,0.007365529,0,0,0,0,4,2016,"4-year","corn","3","135.767573517123",0,0,0,0,543.070294068491
"41","W","C4","low",3642.8,3314.2,0.007642275,14,4,10,9,20,2016,"4-year","corn","4","130.851088190362",1831.91523466507,523.404352761449,1308.51088190362,1177.65979371326,2617.02176380724
"41","E","C4","conv",3768.8,3367,0.007504458,12,6,6,7,17,2016,"4-year","corn","4","133.254127080197",1599.04952496236,799.524762481181,799.524762481181,932.778889561378,2265.32016036335
"42","W","C3","conv",3389.3,2937,0.007279025,9,3,6,4,13,2016,"3-year","corn","4","137.381036608612",1236.42932947751,412.143109825835,824.28621965167,549.524146434447,1785.95347591195
"42","E","C3","low",3109.7,2652.3,0.00716446,76,3,73,12,120,2016,"3-year","corn","4","139.577860718044",10607.9174145714,418.733582154133,10189.1838324172,1674.93432861653,16749.3432861653
"43","W","S4","conv",3723.9,3286.7,0.007413808,17,3,14,3,45,2016,"4-year","soybean","4","134.883449908603",2293.01864844625,404.650349725809,1888.36829872044,404.650349725809,6069.75524588713
"43","E","S4","low",3257.8,2919.5,0.007527718,28,1,27,11,72,2016,"4-year","soybean","4","132.842383309258",3719.58673265922,132.842383309258,3586.74434934996,1461.26621640184,9564.65159826657
"44","W","C2","conv",2859.6,2499.7,0.007342803,22,2,20,8,49,2016,"2-year","corn","4","136.187774614136",2996.13104151099,272.375549228272,2723.75549228272,1089.50219691309,6673.20095609265
"44","E","C2","low",3823.1,3378.6,0.007423358,124,76,48,55,207,2016,"2-year","corn","4","134.709925077034",16704.0307095522,10237.9543058546,6466.07640369763,7409.04587923686,27884.954490946
"45","W","S2","low",3509.3,3044.3,0.007286958,13,3,10,1,26,2016,"2-year","soybean","4","137.231475740631",1784.00918462821,411.694427221894,1372.31475740631,137.231475740631,3568.01836925642
"45","E","S2","conv",2825,2462.4,0.007321827,17,0,17,4,20,2016,"2-year","soybean","4","136.577933349149",2321.82486693553,0,2321.82486693553,546.311733396596,2731.55866698298
"46","W","O4","low",3282.4,2907.2,0.007439825,30,7,23,17,113,2016,"4-year","oat","4","134.411763717561",4032.35291152682,940.882346022924,3091.47056550389,2284.99998319853,15188.5293000843
"46","E","O4","conv",2680.1,2259.1,0.007080497,143,26,117,39,187,2016,"4-year","oat","4","141.23302361402",20196.3223768049,3672.05861396453,16524.2637628404,5508.08792094679,26410.5754158218
"47","W","S3","conv",4045.7,3453.8,0.007171051,22,3,19,4,23,2016,"3-year","soybean","4","139.44957301238",3067.89060627236,418.34871903714,2649.54188723522,557.79829204952,3207.34017928474
"47","E","S3","low",2449,2026.7,0.006951523,9,2,7,6,40,2016,"3-year","soybean","4","143.853368535212",1294.6803168169,287.706737070423,1006.97357974648,863.12021121127,5754.13474140847
"48","W","O3","low",2938.1,2671.7,0.007638365,17,5,12,34,99,2016,"3-year","oat","4","130.918069508331",2225.60718164162,654.590347541653,1571.01683409997,4451.21436328324,12960.8888813247
"48","E","O3","conv",3017.4,2583.3,0.007191529,37,12,25,25,72,2016,"3-year","oat","4","139.052488003594",5144.94205613299,1668.62985604313,3476.31220008986,3476.31220008986,10011.7791362588
"49","W","A4","low",2479.7,2034.5,0.006891882,16,2,14,14,24,2016,"4-year","alfalfa","4","145.098247474347",2321.57195958956,290.196494948695,2031.37546464086,2031.37546464086,3482.35793938434
"49","E","A4","conv",3202.1,2280.2,0.0059816,19,6,13,28,33,2016,"4-year","alfalfa","4","167.179350006687",3176.40765012706,1003.07610004012,2173.33155008693,4681.02180018724,5516.91855022068
"11","W","C3","conv",3650.7,3204.3,0.007372865,9,7,2,6,18,2017,"3-year","corn","1","135.632484793903",1220.69236314513,949.427393557321,271.264969587806,813.794908763418,2441.38472629026
"11","E","C3","low",3693.8,3280.5,0.007460122,26,5,21,12,81,2017,"3-year","corn","1","134.046065198398",3485.19769515834,670.230325991988,2814.96736916635,1608.55278238077,10857.7312810702
"12","W","O4","conv",4217.4,3755.8,0.007480609,6,2,4,5,32,2017,"4-year","oat","1","133.678955817635",802.073734905808,267.357911635269,534.715823270539,668.394779088173,4277.72658616431
"12","E","O4","low",3742,3291.3,0.007388274,9,7,2,7,64,2017,"4-year","oat","1","135.349609394562",1218.14648455106,947.447265761936,270.699218789124,947.447265761936,8662.37500125198
"13","W","S2","conv",3552.9,3101.1,0.007331825,18,8,10,4,29,2017,"2-year","soybean","1","136.391689654349",2455.05041377829,1091.13351723479,1363.91689654349,545.566758617397,3955.35899997613
"13","E","S2","conv",3750.6,3291.8,0.007372452,25,0,25,10,26,2017,"2-year","soybean","1","135.640082838111",3391.00207095278,0,3391.00207095278,1356.40082838111,3526.6421537909
"14","W","C4","low",3835.1,3383.8,0.00741152,12,2,10,3,36,2017,"4-year","corn","1","134.925089590259",1619.10107508311,269.850179180519,1349.25089590259,404.775268770778,4857.30322524934
"14","E","C4","conv",4067.5,3547.8,0.007326741,6,4,2,26,16,2017,"4-year","corn","1","136.486331371615",818.917988229692,545.945325486461,272.972662743231,3548.644615662,2183.78130194584
"15","W","O3","conv",4145.7,3716.2,0.007529749,5,4,1,7,16,2017,"3-year","oat","1","132.806551719055",664.032758595273,531.226206876219,132.806551719055,929.645862033383,2124.90482750487
"15","E","O3","low",3270.1,2879,0.00739537,12,1,11,23,93,2017,"3-year","oat","1","135.219738836596",1622.63686603916,135.219738836596,1487.41712720256,3110.05399324172,12575.4357118035
"16","W","S3","conv",3541.4,3052.4,0.00724012,6,2,4,3,20,2017,"3-year","soybean","1","138.119257691861",828.715546151169,276.238515383723,552.477030767446,414.357773075584,2762.38515383723
"16","E","S3","conv",3919.8,3472.3,0.007441023,21,2,19,7,72,2017,"3-year","soybean","1","134.390123508555",2822.19259367966,268.78024701711,2553.41234666255,940.730864559886,9676.08889261598
"17","W","S4","conv",4120.3,3632.9,0.007406344,6,1,5,2,8,2017,"4-year","soybean","1","135.019383382678",810.116300296071,135.019383382678,675.096916913392,270.038766765357,1080.15506706143
"17","E","S4","conv",3849.4,3319.1,0.007242801,3,0,3,3,5,2017,"4-year","soybean","1","138.068131376245",414.204394128736,0,414.204394128736,414.204394128736,690.340656881226
"18","W","A4","low",3914.6,3460.3,0.007425157,15,5,10,5,92,2017,"4-year","alfalfa","1","134.677286958377",2020.15930437565,673.386434791884,1346.77286958377,673.386434791884,12390.3104001707
"18","E","A4","conv",3493.6,3025.4,0.007274262,32,8,24,21,169,2017,"4-year","alfalfa","1","137.470990184296",4399.07168589748,1099.76792147437,3299.30376442311,2886.89079387022,23232.5973411461
"19","W","C2","low",4305.2,3782.4,0.00737995,14,3,11,5,50,2017,"2-year","corn","1","135.50227305063",1897.03182270883,406.506819151891,1490.52500355693,677.511365253152,6775.11365253152
"19","E","C2","conv",3280.4,2808.7,0.007192135,39,5,34,13,54,2017,"2-year","corn","1","139.040771620666",5422.59009320598,695.203858103331,4727.38623510265,1807.53003106866,7508.20166751597
"21","W","O4","low",4147.7,3710.6,0.007514777,22,6,16,17,210,2017,"4-year","oat","2","133.071147686751",2927.56524910852,798.426886120506,2129.13836298802,2262.20951067477,27944.9410142177
"21","E","O4","conv",3836.6,3338.3,0.007309003,12,1,11,12,59,2017,"4-year","oat","2","136.817565952566",1641.81079143079,136.817565952566,1504.99322547822,1641.81079143079,8072.23639120137
"22","W","S4","conv",4020.4,3568.9,0.007456661,5,1,4,9,8,2017,"4-year","soybean","2","134.108282514117",670.541412570586,134.108282514117,536.433130056469,1206.97454262706,1072.86626011294
"22","E","S4","conv",4052.8,3432.3,0.007113926,10,1,9,1,16,2017,"4-year","soybean","2","140.569356498788",1405.69356498788,140.569356498788,1265.1242084891,140.569356498788,2249.10970398061
"23","W","C3","conv",3818.5,3374.7,0.007423721,4,4,0,6,11,2017,"3-year","corn","2","134.703338123833",538.813352495332,538.813352495332,0,808.220028742998,1481.73671936216
"23","E","C3","low",3877,3475,0.007529017,11,4,7,8,54,2017,"3-year","corn","2","132.819463682975",1461.01410051272,531.277854731899,929.736245780824,1062.5557094638,7172.25103888064
"24","W","S2","conv",3473.3,2992.4,0.007236968,17,6,11,22,33,2017,"2-year","soybean","2","138.179414362479",2349.05004416214,829.076486174873,1519.97355798727,3039.94711597453,4559.9206739618
"24","E","S2","conv",3852.5,3350.4,0.00730522,10,6,4,8,43,2017,"2-year","soybean","2","136.888416775949",1368.88416775949,821.330500655695,547.553667103797,1095.10733420759,5886.20192136582
"25","W","S3","conv",3897,3404.3,0.007337983,55,18,37,45,231,2017,"3-year","soybean","2","136.27723040514",7495.2476722827,2452.99014729252,5042.25752499018,6132.4753682313,31480.0402235873
"25","E","S3","conv",4020.4,3581.2,0.00748236,15,5,10,10,45,2017,"3-year","soybean","2","133.647672659428",2004.71508989142,668.238363297142,1336.47672659428,1336.47672659428,6014.14526967427
"26","W","O3","conv",3823.6,3373.2,0.007410524,18,8,10,9,34,2017,"3-year","oat","2","134.943223987939",2428.97803178291,1079.54579190351,1349.43223987939,1214.48901589145,4588.06961558994
"26","E","O3","low",3579.3,3091,0.007254044,28,3,25,17,207,2017,"3-year","oat","2","137.854140393965",3859.91593103102,413.562421181895,3446.35350984913,2343.52038669741,28535.8070615508
"27","W","C2","conv",4447.2,4036.1,0.007623502,13,0,13,7,23,2017,"2-year","corn","2","131.173311163295",1705.25304512283,0,1705.25304512283,918.213178143063,3016.98615675578
"27","E","C2","low",3812.4,3397.5,0.007485836,31,7,24,9,43,2017,"2-year","corn","2","133.585614218639",4141.15404077781,935.099299530473,3206.05474124734,1202.27052796775,5744.18141140148
"28","W","A4","conv",4015.3,3577,0.007483077,33,7,26,19,73,2017,"4-year","alfalfa","2","133.634867047339",4409.95061256219,935.444069331373,3474.50654323081,2539.06247389944,9755.34529445574
"28","E","A4","low",3122.5,2694.8,0.007249422,27,5,22,58,120,2017,"4-year","alfalfa","2","137.942031792328",3724.43485839285,689.710158961639,3034.72469943121,8000.63784395501,16553.0438150793
"29","W","C4","conv",3505.8,3019.3,0.007234332,73,15,58,26,93,2017,"4-year","corn","2","138.229763300883",10090.7727209644,2073.44644951324,8017.32627145119,3593.97384582295,12855.3679869821
"29","E","C4","low",4274.1,3864.6,0.007595199,19,3,16,15,35,2017,"4-year","corn","2","131.662119715362",2501.58027459188,394.986359146087,2106.5939154458,1974.93179573043,4608.17419003768
"31","W","O4","conv",3637.6,3220.2,0.007436134,7,2,5,2,40,2017,"4-year","oat","3","134.478480350139",941.349362450973,268.956960700278,672.392401750695,268.956960700278,5379.13921400556
"31","E","O4","low",4162.6,3701.6,0.007469716,26,7,19,8,80,2017,"4-year","oat","3","133.873898284754",3480.72135540361,937.117287993278,2543.60406741033,1070.99118627803,10709.9118627803
"32","W","C4","low",4265.6,3912.9,0.007705448,2,0,2,10,12,2017,"4-year","corn","3","129.778307503989",259.556615007979,0,259.556615007979,1297.78307503989,1557.33969004787
"32","E","C4","conv",3804.5,3346.7,0.007389218,6,2,4,1,14,2017,"4-year","corn","3","135.332317980062",811.993907880374,270.664635960125,541.329271920249,135.332317980062,1894.65245172087
"33","W","S3","conv",4634.7,4279.5,0.00775623,35,5,30,17,76,2017,"3-year","soybean","3","128.928616093128",4512.50156325947,644.643080465639,3867.85848279383,2191.78647358317,9798.57482307771
"33","E","S3","conv",4128.2,3726.4,0.007582423,16,7,9,5,25,2017,"3-year","soybean","3","131.883963740878",2110.14341985405,923.187746186147,1186.9556736679,659.419818704391,3297.09909352195
"34","W","S2","conv",3703.8,3313.3,0.007514369,60,6,54,7,123,2017,"2-year","soybean","3","133.078372914612",7984.70237487672,798.470237487672,7186.23213738905,931.548610402284,16368.6398684973
"34","E","S2","conv",4453.9,4052.9,0.007643719,24,3,21,4,41,2017,"2-year","soybean","3","130.826368682575",3139.83284838179,392.479106047724,2747.35374233406,523.305474730298,5363.88111598556
"35","W","C2","low",3930.6,3485.5,0.007448786,1,0,1,2,2,2017,"2-year","corn","3","134.250064372906",134.250064372906,0,134.250064372906,268.500128745812,268.500128745812
"35","E","C2","conv",4145.7,3702.1,0.00750118,26,6,20,22,38,2017,"2-year","corn","3","133.31235885554",3466.12133024404,799.87415313324,2666.2471771108,2932.87189482188,5065.86963651052
"36","W","O3","low",3670.1,3264.3,0.007471219,44,2,42,16,133,2017,"3-year","oat","3","133.846966606119",5889.26653066922,267.693933212237,5621.57259745699,2141.5514656979,17801.6465586138
"36","E","O3","conv",3387.3,2967.8,0.007359702,4,0,4,3,15,2017,"3-year","oat","3","135.875066680689",543.500266722756,0,543.500266722756,407.625200042067,2038.12600021033
"37","W","A4","low",3892.9,3463.9,0.007474315,34,4,30,19,140,2017,"4-year","alfalfa","3","133.791524708284",4548.91184008167,535.166098833137,4013.74574124853,2542.0389694574,18730.8134591598
"37","E","A4","conv",3887.2,3479.5,0.007518985,14,5,9,9,61,2017,"4-year","alfalfa","3","132.996674418156",1861.95344185419,664.983372090781,1196.97006976341,1196.97006976341,8112.79713950753
"38","W","C3","conv",4072.7,3588.7,0.007401743,12,7,5,5,21,2017,"3-year","corn","3","135.103312827803",1621.23975393363,945.72318979462,675.516564139014,675.516564139014,2837.16956938386
"38","E","C3","low",4094.9,3580.5,0.007344795,4,4,0,10,38,2017,"3-year","corn","3","136.15083879128",544.60335516512,544.60335516512,0,1361.5083879128,5173.73187406864
"39","W","S4","conv",4323.7,3929,0.007633185,11,3,8,14,16,2017,"4-year","soybean","3","131.006912579742",1441.07603837717,393.020737739227,1048.05530063794,1834.09677611639,2096.11060127588
"39","E","S4","conv",3897.7,3466,0.007469636,2,1,1,2,3,2017,"4-year","soybean","3","133.875332077761",267.750664155522,133.875332077761,133.875332077761,267.750664155522,401.625996233284
"41","W","S4","conv",4061.4,3657.9,0.00756546,15,4,11,1,18,2017,"4-year","soybean","4","132.179669180724",1982.69503771086,528.718676722896,1453.97636098796,132.179669180724,2379.23404525303
"41","E","S4","conv",3908.9,3506.3,0.007534836,7,2,5,5,8,2017,"4-year","soybean","4","132.716889923019",929.018229461132,265.433779846038,663.584449615095,663.584449615095,1061.73511938415
"42","W","S3","conv",4481.8,4110.8,0.007704654,10,2,8,8,15,2017,"3-year","soybean","4","129.79168175495",1297.9168175495,259.583363509899,1038.3334540396,1038.3334540396,1946.87522632425
"42","E","S3","conv",3511.8,3103.9,0.007424329,62,12,50,54,95,2017,"3-year","soybean","4","134.692306873793",8350.92302617516,1616.30768248551,6734.61534368964,7273.38457118482,12795.7691530103
"43","W","O4","conv",3336.6,2899.1,0.007298579,16,4,12,14,125,2017,"4-year","oat","4","137.012971977148",2192.20755163437,548.051887908592,1644.15566372577,1918.18160768007,17126.6214971435
"43","E","O4","low",3666.3,3264.7,0.007479879,24,3,21,16,170,2017,"4-year","oat","4","133.692002236935",3208.60805368643,401.076006710804,2807.53204697563,2139.07203579095,22727.6403802789
"44","W","S2","conv",4066.5,3720.8,0.007685902,32,8,24,14,49,2017,"2-year","soybean","4","130.108346424401",4163.46708558085,1040.86677139521,3122.60031418564,1821.51684994162,6375.30897479567
"44","E","S2","conv",3631,3159.4,0.007308995,26,1,25,25,83,2017,"2-year","soybean","4","136.8177157051",3557.26060833261,136.8177157051,3420.44289262751,3420.44289262751,11355.8704035233
"45","W","C2","low",3523.1,3004,0.007162329,5,2,3,5,12,2017,"2-year","corn","4","139.619389167965",698.096945839824,279.23877833593,418.858167503894,698.096945839824,1675.43267001558
"45","E","C2","conv",3511.6,3053.7,0.00730467,7,3,4,2,9,2017,"2-year","corn","4","136.898723693199",958.291065852393,410.696171079597,547.594894772796,273.797447386398,1232.08851323879
"46","W","A4","low",4187,3754.4,0.007532114,26,9,17,41,139,2017,"4-year","alfalfa","4","132.764851939309",3451.88615042205,1194.88366745379,2257.00248296826,5443.35892951169,18454.314419564
"46","E","A4","conv",4110.2,3638,0.007434967,23,7,16,28,75,2017,"4-year","alfalfa","4","134.499588229511",3093.49052927874,941.497117606574,2151.99341167217,3765.9884704263,10087.4691172133
"47","W","O3","conv",3675.1,3222,0.007364371,34,8,26,11,46,2017,"3-year","oat","4","135.788922095315",4616.82335124072,1086.31137676252,3530.5119744782,1493.67814304847,6246.29041638451
"47","E","O3","low",3304.3,2846,0.007234936,5,2,3,4,31,2017,"3-year","oat","4","138.218223354014",691.091116770072,276.436446708029,414.654670062043,552.872893416058,4284.76492397445
"48","W","C3","low",3652.8,3243.5,0.007458771,9,1,8,13,24,2017,"3-year","corn","4","134.070344832949",1206.63310349654,134.070344832949,1072.56275866359,1742.91448282834,3217.68827599078
"48","E","C3","conv",3515.1,3105.2,0.007420466,17,2,15,11,41,2017,"3-year","corn","4","134.76242597163",2290.96124151772,269.524851943261,2021.43638957446,1482.38668568793,5525.25946483684
"49","W","C4","low",4081,3332.2,0.006858731,8,5,3,14,15,2017,"4-year","corn","4","145.799565546455",1166.39652437164,728.997827732273,437.398696639364,2041.19391765036,2186.99348319682
"49","E","C4","conv",3784.8,3336.5,0.007405041,28,11,17,20,43,2017,"4-year","corn","4","135.043141557218",3781.20796360209,1485.47455712939,2295.7334064727,2700.86283114435,5806.85508696036
"11","W","O3","conv",2666.3,2303.3,0.00743,134.589502,43,21,19,2,17,"2019","1","oat","3-year",4578.5697804,4184.2343308,394.3354496,3789.8988812,11419.388638
"11","E","O3","low",3065.9,2704.6,0.00759,131.7523057,126,61,49,12,45,"2019","1","oat","3-year",16547.5289485,12838.8417049,3708.6872436,18319.3418709,30493.1559798
"12","W","C4","conv",2175.4,1804.9,0.00714,140.0560224,26,10,9,1,12,"2019","1","corn","4-year",1645.958997,1505.9029746,140.0560224,2048.7704283,4377.6529014
"12","E","C4","low",2314,1946.8,0.00724,138.121547,59,7,6,1,8,"2019","1","corn","4-year",1089.7009519,951.5794049,138.121547,1719.2229905,8886.2720104
"13","W","S2","low",2595,2224.2,0.00737,135.6852103,65,6,4,2,19,"2019","1","soybean","2-year",1691.3042442,793.3674076,897.9368366,3956.4651109,13330.8168647
"13","E","S2","conv",2893.4,2517.2,0.00748,133.6898396,21,16,16,0,3,"2019","1","soybean","2-year",2511.7082411,2263.2610361,248.447205,2140.1999538,3428.6046441
"14","W","O4","low",2677.5,2316,0.00744,134.4086022,72,44,38,6,23,"2019","1","oat","4-year",23904.0529373,16397.8494635,7506.2034738,27905.2936306,39454.0942944
"14","E","O4","conv",3089.8,2728.4,0.00759,131.7523057,152,117,75,42,53,"2019","1","oat","4-year",36325.2288669,26855.5926675,9469.6361994,20882.0111921,50530.6555064
"15","W","S3","conv",3035.7,2667,0.00756,132.2751323,54,26,22,4,19,"2019","1","soybean","3-year",3934.816389,3405.7158598,529.1005292,3504.5534121,8258.0987799
"15","E","S3","low",2770.7,2405.2,0.00747,133.8688086,40,7,5,2,15,"2019","1","soybean","3-year",1059.7810467,792.0434295,267.7376172,2130.7315155,5722.8505035
"16","W","C3","conv",2119.7,1757.7,0.00713,140.2524544,96,60,52,8,54,"2019","1","corn","3-year",10392.8975728,8900.0497547,1492.8478181,10787.4767894,15812.8141141
"16","E","C3","low",3006.2,2642.7,0.00756,132.2751323,104,63,53,10,97,"2019","1","corn","3-year",10566.5839551,8871.6241954,1694.9597597,18041.6059469,16982.4202106
"17","W","A4","low",2274.5,1909.5,0.00722,138.5041551,73,23,23,0,7,"2019","1","alfalfa","4-year",13607.4317949,8768.7221178,4838.7096771,15485.658117,26239.8355793
"17","E","A4","conv",3366.8,3003.8,0.00767,130.3780965,34,28,28,0,28,"2019","1","alfalfa","4-year",8760.0757524,7908.494244,851.5815084,14234.5283064,23167.6484658
"18","W","S4","low",2689.4,2327.2,0.00744,134.4086022,83,22,19,3,25,"2019","1","soybean","4-year",3217.7454414,2814.5196348,403.2258066,4142.483634,12459.6949476
"18","E","S4","conv",3120.9,2760.8,0.00761,131.4060447,59,20,19,1,25,"2019","1","soybean","4-year",2879.3771754,2747.9711307,131.4060447,3787.6636803,9763.0068885
"19","W","C2","low",2956.2,2594.5,0.00755,132.4503311,38,28,26,2,30,"2019","1","corn","2-year",19055.746913,18547.2408914,508.5060216,33084.3503813,24643.3440135
"19","E","C2","conv",3420.6,3052.7,0.00768,130.2083333,189,169,164,5,68,"2019","1","corn","2-year",56441.4828353,52971.813718,3469.6691173,83118.872542,61864.2769521
"21","W","C4","low",2656.8,2294.7,0.00743,134.589502,55,8,6,2,8,"2019","2","corn","4-year",1687.96296,1296.5345672,391.4283928,4010.7013472,9602.9116084
"21","E","C4","conv",2240.1,1873.1,0.00719,139.0820584,36,18,15,3,12,"2019","2","corn","4-year",3622.8800367,2583.743314,1039.1367227,1668.9847008,7121.3819639
"22","W","A4","conv",2461.7,2100.8,0.00734,136.239782,27,15,15,0,8,"2019","2","alfalfa","4-year",6173.7594348,5923.4465436,250.3128912,5094.9245152,13315.5204252
"22","E","A4","low",3031,2670.2,0.00758,131.9261214,54,21,21,0,11,"2019","2","alfalfa","4-year",7209.4127922,6839.4991053,369.9136869,17850.6941213,19947.6850348
"23","W","O3","conv",3037,2674.7,0.00757,132.1003963,178,149,138,11,30,"2019","2","oat","3-year",40578.4814447,36762.1930049,3816.2884398,14162.016868,48140.7362224
"23","E","O3","low",2849.4,2485.5,0.0075,133.3333333,83,25,23,2,17,"2019","2","oat","3-year",14665.8364417,12904.7737607,1761.062681,15591.6977945,27006.8908175
"24","W","S2","low",2777,2416.8,0.00748,133.6898396,43,13,11,2,30,"2019","2","soybean","2-year",2508.186143,2112.4367591,395.7493839,10685.9198324,10113.2330626
"24","E","S2","conv",2499.4,2137.2,0.00735,136.0544218,33,14,11,3,20,"2019","2","soybean","2-year",2645.5026458,2237.3393804,408.1632654,7288.9896697,7823.1292521
"25","W","C3","low",6648.4,6284.4,0.00813,123.00123,123,43,36,7,104,"2019","2","corn","3-year",6147.9485955,5041.5412125,1106.407383,17945.502153,18319.335339
"25","E","C3","conv",2520.7,2153.8,0.00735,136.0544218,149,109,102,7,148,"2019","2","corn","3-year",18071.827238,16745.3814475,1326.4457905,26245.7801121,23514.00411
"26","W","S3","conv",2888.4,2524.8,0.00752,132.9787234,42,14,10,4,10,"2019","2","soybean","3-year",2109.5336022,1453.7029713,655.8306309,2816.7760816,6204.6850693
"26","E","S3","low",2289.6,1924.3,0.00723,138.3125864,63,15,5,10,9,"2019","2","soybean","3-year",2325.3153624,942.1894984,1383.125864,2873.8859592,10342.7656248
"27","W","C2","conv",3154.4,2791.5,0.00761,131.4060447,18,13,9,4,7,"2019","2","corn","2-year",8868.7724069,6861.6667469,2007.10566,18327.249717,9649.2594205
"27","E","C2","low",2565.9,2203.3,0.00738,135.501355,30,26,26,0,25,"2019","2","corn","2-year",8028.6672716,7152.5721524,876.0951192,11898.1721758,10072.5500388
"28","W","S4","conv",2564.4,2201.3,0.00738,135.501355,57,20,19,1,46,"2019","2","soybean","4-year",3082.6979075,2947.1965525,135.501355,6978.403945,8965.81326
"28","E","S4","low",2621,2260.7,0.00742,134.7708895,99,41,35,6,59,"2019","2","soybean","4-year",6141.3700165,5332.7446795,808.625337,10168.2312497,14081.2343169
"29","W","O4","conv",2193.9,1821.9,0.00714,140.0560224,31,26,18,8,13,"2019","2","oat","4-year",10739.0484712,9111.6294428,1627.4190284,6763.6940709,21578.7455672
"29","E","O4","low",2643.5,2281.2,0.00742,134.7708895,87,59,47,12,43,"2019","2","oat","4-year",22023.7116161,19410.1969325,2613.5146836,21112.7073961,31525.8145773
"31","W","C4","conv",3052,2684.7,0.00757,132.1003963,9,6,4,2,5,"2019","3","corn","4-year",1039.8211664,775.6203738,264.2007926,1154.9395587,1559.7317496
"31","E","C4","low",2071.2,1711.2,0.00711,140.6469761,49,14,11,3,2,"2019","3","corn","4-year",2478.6118054,1929.2823421,549.3294633,536.0710222,7401.2559689
"32","W","O4","low",2650.6,2289.2,0.00743,134.589502,46,30,15,15,58,"2019","3","oat","4-year",20704.3517235,17204.0277123,3500.3240112,19904.9565458,30635.5615318
"32","E","O4","conv",2475,2113.6,0.00734,136.239782,36,20,17,3,10,"2019","3","oat","4-year",15811.2153906,14661.755304,1149.4600866,7041.4101646,22312.0395561
"33","W","C3","low",3344.3,2975.3,0.00765,130.7189542,105,77,67,10,49,"2019","3","corn","3-year",11813.1747048,10006.6093824,1806.5653224,8402.7318774,16846.5888185
"33","E","C3","conv",2746.4,2372,0.00743,134.589502,31,27,22,5,11,"2019","3","corn","3-year",4977.0178971,4181.970265,795.0476321,6608.6896502,5759.5761493
"34","W","S2","low",3597.2,3228.5,0.00772,129.5336788,41,18,17,1,23,"2019","3","soybean","2-year",3456.6062184,2702.0725396,754.5336788,5604.2746124,7185.8808308
"34","E","S2","conv",3362.9,2992.1,0.00765,130.7189542,14,5,5,0,10,"2019","3","soybean","2-year",780.4983243,780.4983243,0,2195.5144151,2210.7760187
"35","W","C2","low",3013.3,2654.3,0.00758,131.9261214,27,27,27,0,21,"2019","3","corn","2-year",8740.7968944,8494.1877698,246.6091246,13128.0317826,9357.3197059
"35","E","C2","conv",2630.6,2267.9,0.00741,134.9527665,118,105,94,11,80,"2019","3","corn","2-year",30836.7071469,28743.9542094,2092.7529375,41331.5011212,33199.3656174
"36","W","S3","low",2788.6,2427.7,0.00749,133.5113485,105,45,34,11,58,"2019","3","soybean","3-year",6751.5051063,4911.1330609,1840.3720454,8363.2368995,15877.427652
"36","E","S3","conv",3468.3,3101.6,0.00769,130.0390117,55,15,12,3,21,"2019","3","soybean","3-year",2202.4743443,1812.3573092,390.1170351,2856.7638301,7404.0348123
"37","W","S4","low",2498.2,2132.6,0.00734,136.239782,92,33,26,7,12,"2019","3","soybean","4-year",4619.0655154,3665.3870414,953.678474,2250.640931,13765.587038
"37","E","S4","conv",3649.5,3285,0.00774,129.1989664,57,26,22,4,12,"2019","3","soybean","4-year",3608.549685,2967.0655401,641.4841449,1550.3875968,8486.5355985
"38","W","O3","conv",2934.3,2565.5,0.00752,132.9787234,61,41,39,2,16,"2019","3","oat","3-year",13447.2076094,12443.2427826,1003.9648268,5448.6927844,26315.8841674
"38","E","O3","low",2580.7,2218.2,0.00739,135.3179973,67,39,29,10,17,"2019","3","oat","3-year",18577.8945099,15377.4238959,3200.470614,12645.2335437,27662.3649385
"39","W","A4","low",2848.5,2485.5,0.0075,133.3333333,108,53,40,13,22,"2019","3","alfalfa","4-year",17877.4774801,13318.5913205,4558.8861596,24554.954963,33441.7690459
"39","E","A4","conv",2870.8,2507.1,0.00751,133.1557923,40,20,18,2,6,"2019","3","alfalfa","4-year",11820.6250035,10577.5124421,1243.1125614,11665.8456207,22908.6492744
"41","W","A4","low",2450,2087.1,0.00733,136.425648,22,16,12,4,14,"2019","4","alfalfa","4-year",10463.8643184,8412.5155536,2051.3487648,12324.0117672,13039.005408
"41","E","A4","conv",2965.3,2600.4,0.00754,132.6259947,26,23,18,5,21,"2019","4","alfalfa","4-year",8817.2690436,7786.0409106,1031.228133,13091.8943547,10442.1408927
"42","W","C3","conv",2256.9,1889.1,0.0072,138.8888889,32,26,23,3,23,"2019","4","corn","3-year",4975.8753793,4311.0697548,664.8056245,5675.8340227,6181.4171494
"42","E","C3","low",2251.6,1888.7,0.00721,138.6962552,152,103,86,17,124,"2019","4","corn","3-year",17285.7142856,14677.8779472,2607.8363384,22448.3356448,25206.8307904
"43","W","C4","conv",1755.3,1390.1,0.00681,146.8428781,27,3,3,0,7,"2019","4","corn","4-year",440.5286343,440.5286343,0,1525.4125847,5084.1606942
"43","E","C4","low",2164.8,1802,0.00716,139.6648045,76,10,10,0,1,"2019","4","corn","4-year",1396.648045,1396.648045,0,1630.3480345,11359.866757
"44","W","S2","conv",2852,2490.2,0.00751,133.1557923,10,8,7,1,6,"2019","4","soybean","2-year",4859.6159832,4114.4650869,745.1508963,8142.8760018,5860.3216926
"44","E","S2","low",2453.7,2088.9,0.00732,136.6120219,17,15,11,4,18,"2019","4","soybean","2-year",7880.4458368,6341.441918,1539.0039188,14245.6168897,9890.6425852
"45","W","C2","low",2605.6,2283.6,0.00754,132.6259947,74,39,38,1,26,"2019","4","corn","2-year",6668.6731449,6161.9823123,506.6908326,9308.6249893,12557.4657524
"45","E","C2","conv",2612.1,2247.2,0.0074,135.1351351,44,12,12,0,23,"2019","4","corn","2-year",2738.2469313,2738.2469313,0,6085.7756009,10040.2387481
"46","W","S4","low",2492.4,2117.2,0.00731,136.7989056,66,19,17,2,41,"2019","4","soybean","4-year",3601.685472,3077.4610944,524.2243776,6485.948112,11284.3668672
"46","E","S4","conv",2458.5,2090.9,0.00731,136.7989056,33,13,13,0,14,"2019","4","soybean","4-year",1901.8425629,1901.8425629,0,2038.6414685,4884.7342551
"47","W","S3","conv",2463.6,2103.2,0.00734,136.239782,23,4,4,0,2,"2019","4","soybean","3-year",544.959128,544.959128,0,272.479564,3384.4560148
"47","E","S3","low",2382.3,2014.8,0.00727,137.5515818,9,7,6,1,3,"2019","4","soybean","3-year",1333.2314429,1072.223071,261.0083719,659.5683256,2842.9025075
"48","W","O3","low",2286.1,1917.7,0.00721,138.6962552,55,40,17,23,10,"2019","4","oat","3-year",9642.1430117,2854.114254,6788.0287577,8334.8533704,13583.6290232
"48","E","O3","conv",2612.9,2249.5,0.0074,135.1351351,68,30,18,12,51,"2019","4","oat","3-year",10863.6379122,7224.3618142,3639.276098,20889.3698229,19655.7717852
"49","W","O4","low",2328.8,1967.7,0.00727,137.5515818,25,17,12,5,20,"2019","4","oat","4-year",10859.6801482,6287.21046,4572.4696882,11648.2747432,15970.117865
"49","E","O4","conv",2163.3,2121.5,0.00843,118.623962,74,47,41,6,82,"2019","4","oat","4-year",10390.1410292,8011.7305904,2378.4104388,17690.1278476,17296.6917072
