"","counts","category","cycle_no","lambda_cycle","lambda_annualized","Rotation","Corn_weed_management"
"1",55908568.397564,"top",2,5590.8568397564,74.7720324704124,"2-year","conventional"
"2",32049.6056635997,"bottom",2,Inf,Inf,"2-year","conventional"
"3",312625533424.692,"top",3,5591.72846640647,74.7778608038935,"2-year","conventional"
"4",179216301.289872,"bottom",3,5591.84107196104,74.7786137338814,"2-year","conventional"
"5",1748117100063782,"top",4,5591.72848395918,74.7778609212592,"2-year","conventional"
"6",1002128897118.71,"bottom",4,5591.72848622642,74.777860936419,"2-year","conventional"
"7",9774996181723387904,"top",5,5591.72848395953,74.7778609212615,"2-year","conventional"
"8",5603632698617706,"bottom",5,5591.72848395958,74.7778609212618,"2-year","conventional"
"9",5.46591245799383e+22,"top",6,5591.72848395953,74.7778609212615,"2-year","conventional"
"10",31333992574507655168,"bottom",6,5591.72848395953,74.7778609212615,"2-year","conventional"
"11",3.05638983821934e+26,"top",7,5591.72848395953,74.7778609212615,"2-year","conventional"
"12",1.75211178795051e+23,"bottom",7,5591.72848395953,74.7778609212615,"2-year","conventional"
"13",1.70905021164556e+30,"top",8,5591.72848395953,74.7778609212615,"2-year","conventional"
"14",9.79733339176413e+26,"bottom",8,5591.72848395953,74.7778609212615,"2-year","conventional"
"15",9.55654474897552e+33,"top",9,5591.72848395953,74.7778609212615,"2-year","conventional"
"16",5.47840281935754e+30,"bottom",9,5591.72848395953,74.7778609212615,"2-year","conventional"
"17",5.34376034810803e+37,"top",10,5591.72848395953,74.7778609212615,"2-year","conventional"
"18",3.06337410916058e+34,"bottom",10,5591.72848395953,74.7778609212615,"2-year","conventional"
"19",2.98808569499692e+41,"top",11,5591.72848395953,74.7778609212615,"2-year","conventional"
"20",1.71295562632174e+38,"bottom",11,5591.72848395953,74.7778609212615,"2-year","conventional"
"21",1.67085638932263e+45,"top",12,5591.72848395953,74.7778609212615,"2-year","conventional"
"22",9.57838276746199e+41,"bottom",12,5591.72848395953,74.7778609212615,"2-year","conventional"
"23",9.34297526478113e+48,"top",13,5591.72848395953,74.7778609212615,"2-year","conventional"
"24",5.35597157510844e+45,"bottom",13,5591.72848395953,74.7778609212615,"2-year","conventional"
"25",5.2243380913006e+52,"top",14,5591.72848395953,74.7778609212615,"2-year","conventional"
"26",2.99491388158114e+49,"bottom",14,5591.72848395953,74.7778609212615,"2-year","conventional"
"27",2.92130801149604e+56,"top",15,5591.72848395953,74.7778609212615,"2-year","conventional"
"28",1.67467452586431e+53,"bottom",15,5591.72848395953,74.7778609212615,"2-year","conventional"
"29",1.63351612183016e+60,"top",16,5591.72848395953,74.7778609212615,"2-year","conventional"
"30",9.36432524763689e+56,"bottom",16,5591.72848395953,74.7778609212615,"2-year","conventional"
"31",9.1341786274448e+63,"top",17,5591.72848395953,74.7778609212615,"2-year","conventional"
"32",5.23627642202726e+60,"bottom",17,5591.72848395953,74.7778609212615,"2-year","conventional"
"33",5.10758468086575e+67,"top",18,5591.72848395953,74.7778609212615,"2-year","conventional"
"34",2.92798360189355e+64,"bottom",18,5591.72848395953,74.7778609212615,"2-year","conventional"
"35",2.85602267442324e+71,"top",19,5591.72848395953,74.7778609212615,"2-year","conventional"
"36",1.63724893072746e+68,"bottom",19,5591.72848395953,74.7778609212615,"2-year","conventional"
"37",1.59701033394067e+75,"top",20,5591.72848395953,74.7778609212615,"2-year","conventional"
"38",9.15505148128104e+71,"bottom",20,5591.72848395953,74.7778609212615,"2-year","conventional"
"39",8.93004817347377e+78,"top",21,5591.72848395953,74.7778609212615,"2-year","conventional"
"40",5.11925621399951e+75,"bottom",21,5591.72848395953,74.7778609212615,"2-year","conventional"
"41",4.99344047347441e+82,"top",22,5591.72848395953,74.7778609212615,"2-year","conventional"
"42",2.86254907885079e+79,"bottom",22,5591.72848395953,74.7778609212615,"2-year","conventional"
"43",2.79219633284832e+86,"top",23,5591.72848395953,74.7778609212615,"2-year","conventional"
"44",1.60065972209421e+83,"bottom",23,5591.72848395953,74.7778609212615,"2-year","conventional"
"45",1.56132037671953e+90,"top",24,5591.72848395953,74.7778609212615,"2-year","conventional"
"46",8.95045456116094e+86,"bottom",24,5591.72848395953,74.7778609212615,"2-year","conventional"
"47",8.73047962308904e+93,"top",25,5591.72848395953,74.7778609212615,"2-year","conventional"
"48",5.00485117140291e+90,"bottom",25,5591.72848395953,74.7778609212615,"2-year","conventional"
"49",4.88184715870553e+97,"top",26,5591.72848395953,74.7778609212615,"2-year","conventional"
"50",2.79857688531119e+94,"bottom",26,5591.72848395953,74.7778609212615,"2-year","conventional"
"51",2.72979638116706e+101,"top",27,5591.72848395953,74.7778609212615,"2-year","conventional"
"52",1.56488820841453e+98,"bottom",27,5591.72848395953,74.7778609212615,"2-year","conventional"
"53",1.52642801799815e+105,"top",28,5591.72848395953,74.7778609212615,"2-year","conventional"
"54",8.75042996920395e+101,"bottom",28,5591.72848395953,74.7778609212615,"2-year","conventional"
"55",8.53537102695416e+108,"top",29,5591.72848395953,74.7778609212615,"2-year","conventional"
"56",4.89300285056909e+105,"bottom",29,5591.72848395953,74.7778609212615,"2-year","conventional"
"57",4.77274772925825e+112,"top",30,5591.72848395953,74.7778609212615,"2-year","conventional"
"58",2.73603434116224e+109,"bottom",30,5591.72848395953,74.7778609212615,"2-year","conventional"
"59",2.66879094244465e+116,"top",31,5591.72848395953,74.7778609212615,"2-year","conventional"
"60",1.52991611585683e+113,"bottom",31,5591.72848395953,74.7778609212615,"2-year","conventional"
"61",1.4923154330601e+120,"top",32,5591.72848395953,74.7778609212615,"2-year","conventional"
"62",8.55487552310539e+116,"bottom",32,5591.72848395953,74.7778609212615,"2-year","conventional"
"63",8.34462271409456e+123,"top",33,5591.72848395953,74.7778609212615,"2-year","conventional"
"64",4.78365411392766e+120,"bottom",33,5591.72848395953,74.7778609212615,"2-year","conventional"
"65",4.66608645182982e+127,"top",34,5591.72848395953,74.7778609212615,"2-year","conventional"
"66",2.67488949662595e+124,"bottom",34,5591.72848395953,74.7778609212615,"2-year","conventional"
"67",2.60914885213145e+131,"top",35,5591.72848395953,74.7778609212615,"2-year","conventional"
"68",1.49572557897275e+128,"bottom",35,5591.72848395953,74.7778609212615,"2-year","conventional"
"69",1.45896519553538e+135,"top",36,5591.72848395953,74.7778609212615,"2-year","conventional"
"70",8.3636913241288e+131,"bottom",36,5591.72848395954,74.7778609212615,"2-year","conventional"
"71",8.15813724098075e+138,"top",37,5591.72848395953,74.7778609212615,"2-year","conventional"
"72",4.67674910081763e+135,"bottom",37,5591.72848395953,74.7778609212615,"2-year","conventional"
"73",4.56180883864431e+142,"top",38,5591.72848395953,74.7778609212615,"2-year","conventional"
"74",2.61511111593741e+139,"bottom",38,5591.72848395953,74.7778609212615,"2-year","conventional"
"75",2.55083964214258e+146,"top",39,5591.72848395953,74.7778609212615,"2-year","conventional"
"76",1.46229913157064e+143,"bottom",39,5591.72848395953,74.7778609212615,"2-year","conventional"
"77",1.42636026849818e+150,"top",40,5591.72848395953,74.7778609212615,"2-year","conventional"
"78",8.17677970607283e+146,"bottom",40,5591.72848395953,74.7778609212615,"2-year","conventional"
"79",7.97581934174943e+153,"top",41,5591.72848395953,74.7778609212615,"2-year","conventional"
"80",4.57223319895097e+150,"bottom",41,5591.72848395953,74.7778609212615,"2-year","conventional"
"81",4.45986161961757e+157,"top",42,5591.72848395953,74.7778609212615,"2-year","conventional"
"82",2.55666866138796e+154,"bottom",42,5591.72848395953,74.7778609212615,"2-year","conventional"
"83",2.49383352529335e+161,"top",43,5591.72848395953,74.7778609212615,"2-year","conventional"
"84",1.42961969779297e+158,"bottom",43,5591.72848395953,74.7778609212615,"2-year","conventional"
"85",1.3944839957636e+165,"top",44,5591.72848395953,74.7778609212615,"2-year","conventional"
"86",7.99404518537859e+161,"bottom",44,5591.72848395953,74.7778609212615,"2-year","conventional"
"87",7.79757587953704e+168,"top",45,5591.72848395953,74.7778609212615,"2-year","conventional"
"88",4.4700530165141e+165,"bottom",45,5591.72848395953,74.7778609212615,"2-year","conventional"
"89",4.36019271514431e+172,"top",46,5591.72848395953,74.7778609212615,"2-year","conventional"
"90",2.49953227772511e+169,"bottom",46,5591.72848395953,74.7778609212615,"2-year","conventional"
"91",2.43810138008253e+176,"top",47,5591.72848395953,74.7778609212615,"2-year","conventional"
"92",1.39767058339318e+173,"bottom",47,5591.72848395953,74.7778609212615,"2-year","conventional"
"93",1.36332009337885e+180,"top",48,5591.72848395953,74.7778609212615,"2-year","conventional"
"94",7.81539441235197e+176,"bottom",48,5591.72848395953,74.7778609212615,"2-year","conventional"
"95",7.6233157989009e+183,"top",49,5591.72848395953,74.7778609212615,"2-year","conventional"
"96",4.37015635489267e+180,"bottom",49,5591.72848395953,74.7778609212615,"2-year","conventional"
"97",4.26275120949329e+187,"top",50,5591.72848395953,74.7778609212615,"2-year","conventional"
"98",2.44367277690101e+184,"bottom",50,5591.72848395953,74.7778609212615,"2-year","conventional"
"99",2.38361473581566e+191,"top",51,5591.72848395953,74.7778609212615,"2-year","conventional"
"100",1.36643546720739e+188,"bottom",51,5591.72848395953,74.7778609212615,"2-year","conventional"
"101",1.33285264130461e+195,"top",52,5591.72848395953,74.7778609212615,"2-year","conventional"
"102",7.6407361234761e+191,"bottom",52,5591.72848395953,74.7778609212615,"2-year","conventional"
"103",7.45295007930368e+198,"top",53,5591.72848395953,74.7778609212615,"2-year","conventional"
"104",4.27249218200599e+195,"bottom",53,5591.72848395953,74.7778609212615,"2-year","conventional"
"105",4.16748732479709e+202,"top",54,5591.72848395953,74.7778609212615,"2-year","conventional"
"106",2.38906162316173e+199,"bottom",54,5591.72848395953,74.7778609212615,"2-year","conventional"
"107",2.33034575806082e+206,"top",55,5591.72848395953,74.7778609212615,"2-year","conventional"
"108",1.3358983928168e+203,"bottom",55,5591.72848395953,74.7778609212615,"2-year","conventional"
"109",1.30306607528229e+210,"top",56,5591.72848395953,74.7778609212615,"2-year","conventional"
"110",7.46998109478948e+206,"bottom",56,5591.72848395953,74.7778609212615,"2-year","conventional"
"111",7.28639168963737e+213,"top",57,5591.72848395953,74.7778609212615,"2-year","conventional"
"112",4.17701060623736e+210,"bottom",57,5591.72848395953,74.7778609212615,"2-year","conventional"
"113",4.07435239562313e+217,"top",58,5591.72848395953,74.7778609212615,"2-year","conventional"
"114",2.33567091846985e+214,"bottom",58,5591.72848395953,74.7778609212615,"2-year","conventional"
"115",2.27826723442946e+221,"top",59,5591.72848395953,74.7778609212615,"2-year","conventional"
"116",1.30604376039638e+218,"bottom",59,5591.72848395953,74.7778609212615,"2-year","conventional"
"117",1.27394517888309e+225,"top",60,5591.72848395953,74.7778609212615,"2-year","conventional"
"118",7.30304209630605e+221,"bottom",60,5591.72848395953,74.7778609212615,"2-year","conventional"
"119",7.12355554376352e+228,"top",61,5591.72848395953,74.7778609212615,"2-year","conventional"
"120",4.08366285094701e+225,"bottom",61,5591.72848395953,74.7778609212615,"2-year","conventional"
"121",3.98329884411303e+232,"top",62,5591.72848395953,74.7778609212615,"2-year","conventional"
"122",2.28347338825278e+229,"bottom",62,5591.72848395953,74.7778609212615,"2-year","conventional"
"123",2.22735256067499e+236,"top",63,5591.72848395953,74.7778609212615,"2-year","conventional"
"124",1.27685631874567e+233,"bottom",63,5591.72848395953,74.7778609212615,"2-year","conventional"
"125",1.24547507573466e+240,"top",64,5591.72848395953,74.7778609212615,"2-year","conventional"
"126",7.13983384745385e+236,"bottom",64,5591.72848395953,74.7778609212615,"2-year","conventional"
"127",6.96435845704713e+243,"top",65,5591.72848395953,74.7778609212615,"2-year","conventional"
"128",3.99240122955461e+240,"bottom",65,5591.72848395953,74.7778609212615,"2-year","conventional"
"129",3.89428015567749e+247,"top",66,5591.72848395953,74.7778609212615,"2-year","conventional"
"130",2.23244236746956e+244,"bottom",66,5591.72848395953,74.7778609212615,"2-year","conventional"
"131",2.17757572710202e+251,"top",67,5591.72848395953,74.7778609212615,"2-year","conventional"
"132",1.24832115749776e+248,"bottom",67,5591.72848395953,74.7778609212615,"2-year","conventional"
"133",1.21764122192153e+255,"top",68,5591.72848395953,74.7778609212615,"2-year","conventional"
"134",6.98027297350955e+251,"bottom",68,5591.72848395953,74.7778609212615,"2-year","conventional"
"135",6.80871910386188e+258,"top",69,5591.72848395953,74.7778609212615,"2-year","conventional"
"136",3.90317912117862e+255,"bottom",69,5591.72848395953,74.7778609212615,"2-year","conventional"
"137",3.80725085523439e+262,"top",70,5591.72848395953,74.7778609212615,"2-year","conventional"
"138",2.18255178698906e+259,"bottom",70,5591.72848395953,74.7778609212615,"2-year","conventional"
"139",2.12891130527934e+266,"top",71,5591.72848395953,74.7778609212615,"2-year","conventional"
"140",1.22042369950235e+263,"bottom",71,5591.72848395953,74.7778609212615,"2-year","conventional"
"141",1.1904293985554e+270,"top",72,5591.72848395953,74.7778609212615,"2-year","conventional"
"142",6.82427796300658e+266,"bottom",72,5591.72848395953,74.7778609212615,"2-year","conventional"
"143",6.65655797604503e+273,"top",73,5591.72848395953,74.7778609212615,"2-year","conventional"
"144",3.81595094682012e+270,"bottom",73,5591.72848395953,74.7778609212615,"2-year","conventional"
"145",3.7221664839779e+277,"top",74,5591.72848395953,74.7778609212615,"2-year","conventional"
"146",2.13377616027264e+274,"bottom",74,5591.72848395953,74.7778609212615,"2-year","conventional"
"147",2.08133443504988e+281,"top",75,5591.72848395953,74.7778609212615,"2-year","conventional"
"148",1.19314969337903e+278,"bottom",75,5591.72848395953,74.7778609212615,"2-year","conventional"
"149",1.16382570451142e+285,"top",76,5591.72848395953,74.7778609212615,"2-year","conventional"
"150",6.67176912609513e+281,"bottom",76,5591.72848395953,74.7778609212615,"2-year","conventional"
"151",6.50779734228079e+288,"top",77,5591.72848395953,74.7778609212615,"2-year","conventional"
"152",3.7306721460788e+285,"bottom",77,5591.72848395953,74.7778609212615,"2-year","conventional"
"153",3.63898357666676e+292,"top",78,5591.72848395953,74.7778609212615,"2-year","conventional"
"154",2.08609057035432e+289,"bottom",78,5591.72848395953,74.7778609212615,"2-year","conventional"
"155",2.03482081183085e+296,"top",79,5591.72848395953,74.7778609212615,"2-year","conventional"
"156",1.16648520623697e+293,"bottom",79,5591.72848395953,74.7778609212615,"2-year","conventional"
"157",1.13781654932682e+300,"top",80,5591.72848395953,74.7778609212615,"2-year","conventional"
"158",6.52266855383266e+296,"bottom",80,5591.72848395953,74.7778609212615,"2-year","conventional"
"159",6.36236120839134e+303,"top",81,5591.72848395953,74.7778609212615,"2-year","conventional"
"160",3.64729915438932e+300,"bottom",81,5591.72848395953,74.7778609212615,"2-year","conventional"
"161",3.5576596394201e+307,"top",82,5591.72848395953,74.7778609212615,"2-year","conventional"
"162",2.03947065711203e+304,"bottom",82,5591.72848395953,74.7778609212615,"2-year","conventional"
"163",Inf,"top",83,Inf,Inf,"2-year","conventional"
"164",Inf,"bottom",83,Inf,Inf,"2-year","conventional"
"165",151571609.570868,"top",2,15157.1609570868,123.114422213999,"2-year","low"
"166",157914.816666559,"bottom",2,Inf,Inf,"2-year","low"
"167",2298007995762.79,"top",3,15161.2033564132,123.130838364778,"2-year","low"
"168",2394196586.108,"bottom",3,15161.316946993,123.131299623585,"2-year","low"
"169",34840566608021628,"top",4,15161.2033866996,123.130838487763,"2-year","low"
"170",36298901391762.1,"bottom",4,15161.2033875504,123.130838491218,"2-year","low"
"171",5.28224916452078e+20,"top",5,15161.2033866998,123.130838487764,"2-year","low"
"172",550335026714267392,"bottom",5,15161.2033866998,123.130838487764,"2-year","low"
"173",8.00852539225248e+24,"top",6,15161.2033866998,123.130838487764,"2-year","low"
"174",8.34374127083989e+21,"bottom",6,15161.2033866998,123.130838487764,"2-year","low"
"175",1.2141888229949e+29,"top",7,15161.2033866998,123.130838487764,"2-year","low"
"176",1.26501158413205e+26,"bottom",7,15161.2033866998,123.130838487764,"2-year","low"
"177",1.84085636952833e+33,"top",8,15161.2033866998,123.130838487764,"2-year","low"
"178",1.91790979135573e+30,"bottom",8,15161.2033866998,123.130838487764,"2-year","low"
"179",2.79095978241209e+37,"top",9,15161.2033866998,123.130838487764,"2-year","low"
"180",2.90778204240873e+34,"bottom",9,15161.2033866998,123.130838487764,"2-year","low"
"181",4.23143089052492e+41,"top",10,15161.2033866998,123.130838487764,"2-year","low"
"182",4.40854749491521e+38,"bottom",10,15161.2033866998,123.130838487764,"2-year","low"
"183",6.41535843480126e+45,"top",11,15161.2033866998,123.130838487764,"2-year","low"
"184",6.68388852103355e+42,"bottom",11,15161.2033866998,123.130838487764,"2-year","low"
"185",9.72645540286021e+49,"top",12,15161.2033866998,123.130838487764,"2-year","low"
"186",1.01335793281418e+47,"bottom",12,15161.2033866998,123.130838487764,"2-year","low"
"187",1.47464768594429e+54,"top",13,15161.2033866998,123.130838487764,"2-year","low"
"188",1.53637257229215e+51,"bottom",13,15161.2033866998,123.130838487764,"2-year","low"
"189",2.23574334903276e+58,"top",14,15161.2033866998,123.130838487764,"2-year","low"
"190",2.32932570462684e+55,"bottom",14,15161.2033866998,123.130838487764,"2-year","low"
"191",3.38965596351471e+62,"top",15,15161.2033866998,123.130838487764,"2-year","low"
"192",3.53153807617154e+59,"bottom",15,15161.2033866998,123.130838487764,"2-year","low"
"193",5.13912634737865e+66,"top",16,15161.2033866998,123.130838487764,"2-year","low"
"194",5.35423670407113e+63,"bottom",16,15161.2033866998,123.130838487764,"2-year","low"
"195",7.79153397825555e+70,"top",17,15161.2033866998,123.130838487764,"2-year","low"
"196",8.11766716509558e+67,"bottom",17,15161.2033866998,123.130838487764,"2-year","low"
"197",1.18129031338715e+75,"top",18,15161.2033866998,123.130838487764,"2-year","low"
"198",1.23073602915549e+72,"bottom",18,15161.2033866998,123.130838487764,"2-year","low"
"199",1.79097827000009e+79,"top",19,15161.2033866998,123.130838487764,"2-year","low"
"200",1.86594392533657e+76,"bottom",19,15161.2033866998,123.130838487764,"2-year","low"
"201",2.71533858126312e+83,"top",20,15161.2033866998,123.130838487764,"2-year","low"
"202",2.82899553602048e+80,"bottom",20,15161.2033866998,123.130838487764,"2-year","low"
"203",4.11678004942831e+87,"top",21,15161.2033866998,123.130838487764,"2-year","low"
"204",4.28909767016723e+84,"bottom",21,15161.2033866998,123.130838487764,"2-year","low"
"205",6.24153396276907e+91,"top",22,15161.2033866998,123.130838487764,"2-year","low"
"206",6.50278821228258e+88,"bottom",22,15161.2033866998,123.130838487764,"2-year","low"
"207",9.46291658545364e+95,"top",23,15161.2033866998,123.130838487764,"2-year","low"
"208",9.85900946670503e+92,"bottom",23,15161.2033866998,123.130838487764,"2-year","low"
"209",1.43469202983438e+100,"top",24,15161.2033866998,123.130838487764,"2-year","low"
"210",1.49474447716114e+97,"bottom",24,15161.2033866998,123.130838487764,"2-year","low"
"211",2.17516576615962e+104,"top",25,15161.2033866998,123.130838487764,"2-year","low"
"212",2.26621250293863e+101,"bottom",25,15161.2033866998,123.130838487764,"2-year","low"
"213",3.29781305805327e+108,"top",26,15161.2033866998,123.130838487764,"2-year","low"
"214",3.43585086745347e+105,"bottom",26,15161.2033866998,123.130838487764,"2-year","low"
"215",4.99988145044602e+112,"top",27,15161.2033866998,123.130838487764,"2-year","low"
"216",5.2091633807831e+109,"bottom",27,15161.2033866998,123.130838487764,"2-year","low"
"217",7.58042195795998e+116,"top",28,15161.2033866998,123.130838487764,"2-year","low"
"218",7.89771854906015e+113,"bottom",28,15161.2033866998,123.130838487764,"2-year","low"
"219",1.14928319061637e+121,"top",29,15161.2033866998,123.130838487764,"2-year","low"
"220",1.19738917213213e+118,"bottom",29,15161.2033866998,123.130838487764,"2-year","low"
"221",1.742451620185e+125,"top",30,15161.2033866998,123.130838487764,"2-year","low"
"222",1.81538607717273e+122,"bottom",30,15161.2033866998,123.130838487764,"2-year","low"
"223",2.64176634051094e+129,"top",31,15161.2033866998,123.130838487764,"2-year","low"
"224",2.75234375413989e+126,"bottom",31,15161.2033866998,123.130838487764,"2-year","low"
"225",4.00523567886241e+133,"top",32,15161.2033866998,123.130838487764,"2-year","low"
"226",4.17288434466278e+130,"bottom",32,15161.2033866998,123.130838487764,"2-year","low"
"227",6.07241927388998e+137,"top",33,15161.2033866998,123.130838487764,"2-year","low"
"228",6.3265948258608e+134,"bottom",33,15161.2033866998,123.130838487764,"2-year","low"
"229",9.2065183660762e+141,"top",34,15161.2033866998,123.130838487764,"2-year","low"
"230",9.59187909001183e+138,"bottom",34,15161.2033866998,123.130838487764,"2-year","low"
"231",1.39581897431469e+146,"top",35,15161.2033866998,123.130838487764,"2-year","low"
"232",1.45424429744303e+143,"bottom",35,15161.2033866998,123.130838487764,"2-year","low"
"233",2.11622953605997e+150,"top",36,15161.2033866998,123.130838487764,"2-year","low"
"234",2.20480935674821e+147,"bottom",36,15161.2033866998,123.130838487764,"2-year","low"
"235",3.20845864091466e+154,"top",37,15161.2033866998,123.130838487764,"2-year","low"
"236",3.34275630865584e+151,"bottom",37,15161.2033866998,123.130838487764,"2-year","low"
"237",4.86440940127216e+158,"top",38,15161.2033866998,123.130838487764,"2-year","low"
"238",5.06802082677052e+155,"bottom",38,15161.2033866998,123.130838487764,"2-year","low"
"239",7.3750300288862e+162,"top",39,15161.2033866998,123.130838487764,"2-year","low"
"240",7.68372945226984e+159,"bottom",39,15161.2033866998,123.130838487764,"2-year","low"
"241",1.11814330250962e+167,"top",40,15161.2033866998,123.130838487764,"2-year","low"
"242",1.16494584994239e+164,"bottom",40,15161.2033866998,123.130838487764,"2-year","low"
"243",1.69523980248246e+171,"top",41,15161.2033866998,123.130838487764,"2-year","low"
"244",1.76619809654684e+168,"bottom",41,15161.2033866998,123.130838487764,"2-year","low"
"245",2.57018754346654e+175,"top",42,15161.2033866998,123.130838487764,"2-year","low"
"246",2.67776885629488e+172,"bottom",42,15161.2033866998,123.130838487764,"2-year","low"
"247",3.89671360884587e+179,"top",43,15161.2033866998,123.130838487764,"2-year","low"
"248",4.05981982528572e+176,"bottom",43,15161.2033866998,123.130838487764,"2-year","low"
"249",5.90788675634333e+183,"top",44,15161.2033866998,123.130838487764,"2-year","low"
"250",6.15517540845129e+180,"bottom",44,15161.2033866998,123.130838487764,"2-year","low"
"251",8.95706726985115e+187,"top",45,15161.2033866998,123.130838487764,"2-year","low"
"252",9.33198662483432e+184,"bottom",45,15161.2033866998,123.130838487764,"2-year","low"
"253",1.35799918626565e+192,"top",46,15161.2033866998,123.130838487764,"2-year","low"
"254",1.41484147221076e+189,"bottom",46,15161.2033866998,123.130838487764,"2-year","low"
"255",2.05889018619464e+196,"top",47,15161.2033866998,123.130838487764,"2-year","low"
"256",2.14506993201251e+193,"bottom",47,15161.2033866998,123.130838487764,"2-year","low"
"257",3.12152528637772e+200,"top",48,15161.2033866998,123.130838487764,"2-year","low"
"258",3.2521841517936e+197,"bottom",48,15161.2033866998,123.130838487764,"2-year","low"
"259",4.73260797434991e+204,"top",49,15161.2033866998,123.130838487764,"2-year","low"
"260",4.93070253763446e+201,"bottom",49,15161.2033866998,123.130838487764,"2-year","low"
"261",7.17520320486364e+208,"top",50,15161.2033866998,123.130838487764,"2-year","low"
"262",7.47553840123930e+205,"bottom",50,15161.2033866998,123.130838487764,"2-year","low"
"263",1.08784715129838e+213,"top",51,15161.2033866998,123.130838487764,"2-year","low"
"264",1.13338158126274e+210,"bottom",51,15161.2033866998,123.130838487764,"2-year","low"
"265",1.64930719144768e+217,"top",52,15161.2033866998,123.130838487764,"2-year","low"
"266",1.71834286682638e+214,"bottom",52,15161.2033866998,123.130838487764,"2-year","low"
"267",2.50054817766849e+221,"top",53,15161.2033866998,123.130838487764,"2-year","low"
"268",2.60521456920396e+218,"bottom",53,15161.2033866998,123.130838487764,"2-year","low"
"269",3.79113194998736e+225,"top",54,15161.2033866998,123.130838487764,"2-year","low"
"270",3.94981879496948e+222,"bottom",54,15161.2033866998,123.130838487764,"2-year","low"
"271",5.74781225595742e+229,"top",55,15161.2033866998,123.130838487764,"2-year","low"
"272",5.98840060911419e+226,"bottom",55,15161.2033866998,123.130838487764,"2-year","low"
"273",8.71437506411364e+233,"top",56,15161.2033866998,123.130838487764,"2-year","low"
"274",9.07913595958174e+230,"bottom",56,15161.2033866998,123.130838487764,"2-year","low"
"275",1.32120412735012e+238,"top",57,15161.2033866998,123.130838487764,"2-year","low"
"276",1.37650626858719e+235,"bottom",57,15161.2033866998,123.130838487764,"2-year","low"
"277",2.00310444901025e+242,"top",58,15161.2033866998,123.130838487764,"2-year","low"
"278",2.08694915011176e+239,"bottom",58,15161.2033866998,123.130838487764,"2-year","low"
"279",3.03694739562476e+246,"top",59,15161.2033866998,123.130838487764,"2-year","low"
"280",3.16406605225448e+243,"bottom",59,15161.2033866998,123.130838487764,"2-year","low"
"281",4.60437771397753e+250,"top",60,15161.2033866998,123.130838487764,"2-year","low"
"282",4.79710489471825e+247,"bottom",60,15161.2033866998,123.130838487764,"2-year","low"
"283",6.98079069908014e+254,"top",61,15161.2033866998,123.130838487764,"2-year","low"
"284",7.27298829761566e+251,"bottom",61,15161.2033866998,123.130838487764,"2-year","low"
"285",1.05837187588736e+259,"top",62,15161.2033866998,123.130838487764,"2-year","low"
"286",1.10267254809239e+256,"bottom",62,15161.2033866998,123.130838487764,"2-year","low"
"287",1.60461912690913e+263,"top",63,15161.2033866998,123.130838487764,"2-year","low"
"288",1.67178427705592e+260,"bottom",63,15161.2033866998,123.130838487764,"2-year","low"
"289",2.43279569412581e+267,"top",64,15161.2033866998,123.130838487764,"2-year","low"
"290",2.53462614431318e+264,"bottom",64,15161.2033866998,123.130838487764,"2-year","low"
"291",3.68841103169289e+271,"top",65,15161.2033866998,123.130838487764,"2-year","low"
"292",3.84279824831788e+268,"bottom",65,15161.2033866998,123.130838487764,"2-year","low"
"293",5.59207498252433e+275,"top",66,15161.2033866998,123.130838487764,"2-year","low"
"294",5.82614458168013e+272,"bottom",66,15161.2033866998,123.130838487764,"2-year","low"
"295",8.47825861637272e+279,"top",67,15161.2033866998,123.130838487764,"2-year","low"
"296",8.83313629631715e+276,"bottom",67,15161.2033866998,123.130838487764,"2-year","low"
"297",1.28540603247867e+284,"top",68,15161.2033866998,123.130838487764,"2-year","low"
"298",1.33920975930905e+281,"bottom",68,15161.2033866998,123.130838487764,"2-year","low"
"299",1.94883022929e+288,"top",69,15161.2033866998,123.130838487764,"2-year","low"
"300",2.03040315383378e+285,"bottom",69,15161.2033866998,123.130838487764,"2-year","low"
"301",2.95466114724145e+292,"top",70,15161.2033866998,123.130838487764,"2-year","low"
"302",3.07833551722707e+289,"bottom",70,15161.2033866998,123.130838487764,"2-year","low"
"303",4.47962185921075e+296,"top",71,15161.2033866998,123.130838487764,"2-year","low"
"304",4.66712708691814e+293,"bottom",71,15161.2033866998,123.130838487764,"2-year","low"
"305",6.79164581030006e+300,"top",72,15161.2033866998,123.130838487764,"2-year","low"
"306",7.07592629963418e+297,"bottom",72,15161.2033866998,123.130838487764,"2-year","low"
"307",1.02969523460387e+305,"top",73,15161.2033866998,123.130838487764,"2-year","low"
"308",1.07279557778052e+302,"bottom",73,15161.2033866998,123.130838487764,"2-year","low"
"309",Inf,"top",74,Inf,Inf,"2-year","low"
"310",1.62648719470826e+306,"bottom",74,15161.2033866998,123.130838487764,"2-year","low"
"311",32310385.5663136,"top",2,3231.03855663136,14.7836173674267,"3-year","conventional"
"312",1021817310.36018,"bottom",2,Inf,Inf,"3-year","conventional"
"313",976304904743.555,"top",3,30216.4424110568,31.1468723876042,"3-year","conventional"
"314",30875630765151.9,"bottom",3,30216.390397877,31.1468545160011,"3-year","conventional"
"315",29500415579066604,"top",4,30216.3959596366,31.1468564270092,"3-year","conventional"
"316",932950284703663488,"bottom",4,30216.3959596462,31.1468564270125,"3-year","conventional"
"317",8.91396238111162e+20,"top",5,30216.3959596452,31.1468564270122,"3-year","conventional"
"318",2.81903952132696e+22,"bottom",5,30216.3959596452,31.1468564270122,"3-year","conventional"
"319",2.69347816877051e+25,"top",6,30216.3959596452,31.1468564270122,"3-year","conventional"
"320",8.51812144023041e+26,"bottom",6,30216.3959596452,31.1468564270122,"3-year","conventional"
"321",8.13872028562296e+29,"top",7,30216.3959596452,31.1468564270122,"3-year","conventional"
"322",2.57386930270345e+31,"bottom",7,30216.3959596452,31.1468564270122,"3-year","conventional"
"323",2.4592279475518e+34,"top",8,30216.3959596452,31.1468564270122,"3-year","conventional"
"324",7.77730539988634e+35,"bottom",8,30216.3959596452,31.1468564270122,"3-year","conventional"
"325",7.43090054182508e+38,"top",9,30216.3959596452,31.1468564270122,"3-year","conventional"
"326",2.35002139462052e+40,"bottom",9,30216.3959596452,31.1468564270122,"3-year","conventional"
"327",2.24535033108529e+43,"top",10,30216.3959596452,31.1468564270122,"3-year","conventional"
"328",7.10091769734914e+44,"bottom",10,30216.3959596452,31.1468564270122,"3-year","conventional"
"329",6.78463946721935e+47,"top",11,30216.3959596452,31.1468564270122,"3-year","conventional"
"330",2.14564140819954e+49,"bottom",11,30216.3959596452,31.1468564270122,"3-year","conventional"
"331",2.05007352584936e+52,"top",12,30216.3959596452,31.1468564270122,"3-year","conventional"
"332",6.48335503775679e+53,"bottom",12,30216.3959596452,31.1468564270122,"3-year","conventional"
"333",6.19458334034502e+56,"top",13,30216.3959596452,31.1468564270122,"3-year","conventional"
"334",1.9590362296782e+58,"bottom",13,30216.3959596452,31.1468564270122,"3-year","conventional"
"335",1.87177983016887e+61,"top",14,30216.3959596452,31.1468564270122,"3-year","conventional"
"336",5.91950144152468e+62,"bottom",14,30216.3959596452,31.1468564270122,"3-year","conventional"
"337",5.65584404976599e+65,"top",15,30216.3959596452,31.1468564270122,"3-year","conventional"
"338",1.788659994408e+67,"bottom",15,30216.3959596452,31.1468564270122,"3-year","conventional"
"339",1.70899223293732e+70,"top",16,30216.3959596452,31.1468564270122,"3-year","conventional"
"340",5.4046858628209e+71,"bottom",16,30216.3959596452,31.1468564270122,"3-year","conventional"
"341",5.16395860023924e+74,"top",17,30216.3959596452,31.1468564270122,"3-year","conventional"
"342",1.63310128068493e+76,"bottom",17,30216.3959596452,31.1468564270122,"3-year","conventional"
"343",1.56036217784044e+79,"top",18,30216.3959596452,31.1468564270122,"3-year","conventional"
"344",4.93464349393795e+80,"bottom",18,30216.3959596452,31.1468564270122,"3-year","conventional"
"345",4.71485214060811e+83,"top",19,30216.3959596452,31.1468564270122,"3-year","conventional"
"346",1.49107141732516e+85,"bottom",19,30216.3959596452,31.1468564270122,"3-year","conventional"
"347",1.42465839171795e+88,"top",20,30216.3959596452,31.1468564270122,"3-year","conventional"
"348",4.50548043500064e+89,"bottom",20,30216.3959596452,31.1468564270122,"3-year","conventional"
"349",4.3048042071381e+92,"top",21,30216.3959596452,31.1468564270122,"3-year","conventional"
"350",1.36139380812414e+94,"bottom",21,30216.3959596452,31.1468564270122,"3-year","conventional"
"351",1.30075668451631e+97,"top",22,30216.3959596452,31.1468564270122,"3-year","conventional"
"352",4.11364143632882e+98,"bottom",22,30216.3959596452,31.1468564270122,"3-year","conventional"
"353",3.93041790265002e+101,"top",23,30216.3959596452,31.1468564270122,"3-year","conventional"
"354",1.24299418476115e+103,"bottom",23,30216.3959596452,31.1468564270122,"3-year","conventional"
"355",1.18763063633351e+106,"top",24,30216.3959596452,31.1468564270122,"3-year","conventional"
"356",3.75588044622794e+107,"bottom",24,30216.3959596452,31.1468564270122,"3-year","conventional"
"357",3.58859175612588e+110,"top",25,30216.3959596452,31.1468564270122,"3-year","conventional"
"358",1.13489170740312e+112,"bottom",25,30216.3959596452,31.1468564270122,"3-year","conventional"
"359",1.08434309440618e+115,"top",26,30216.3959596452,31.1468564270122,"3-year","conventional"
"360",3.42923372022106e+116,"bottom",26,30216.3959596452,31.1468564270122,"3-year","conventional"
"361",3.27649402966841e+119,"top",27,30216.3959596452,31.1468564270122,"3-year","conventional"
"362",1.03619083928367e+121,"bottom",27,30216.3959596452,31.1468564270122,"3-year","conventional"
"363",9.90038409598741e+123,"top",28,30216.3959596452,31.1468564270122,"3-year","conventional"
"364",3.13099526895523e+125,"bottom",28,30216.3959596452,31.1468564270122,"3-year","conventional"
"365",2.9915392599693e+128,"top",29,30216.3959596452,31.1468564270122,"3-year","conventional"
"366",9.46073927945271e+129,"bottom",29,30216.3959596452,31.1468564270122,"3-year","conventional"
"367",9.03935348080562e+132,"top",30,30216.3959596452,31.1468564270122,"3-year","conventional"
"368",2.85869444138912e+134,"bottom",30,30216.3959596452,31.1468564270122,"3-year","conventional"
"369",2.7313668399522e+137,"top",31,30216.3959596452,31.1468564270122,"3-year","conventional"
"370",8.63794431686502e+138,"bottom",31,30216.3959596452,31.1468564270122,"3-year","conventional"
"371",8.25320619470404e+141,"top",32,30216.3959596452,31.1468564270122,"3-year","conventional"
"372",2.61007545755761e+143,"bottom",32,30216.3959596452,31.1468564270122,"3-year","conventional"
"373",2.49382146315774e+146,"top",33,30216.3959596452,31.1468564270122,"3-year","conventional"
"374",7.88670735101127e+147,"bottom",33,30216.3959596452,31.1468564270122,"3-year","conventional"
"375",7.5354296783436e+150,"top",34,30216.3959596452,31.1468564270122,"3-year","conventional"
"376",2.38307872136001e+152,"bottom",34,30216.3959596452,31.1468564270122,"3-year","conventional"
"377",2.27693526886892e+155,"top",35,30216.3959596452,31.1468564270122,"3-year","conventional"
"378",7.20080502476191e+156,"bottom",35,30216.3959596452,31.1468564270122,"3-year","conventional"
"379",6.88007776586245e+159,"top",36,30216.3959596452,31.1468564270122,"3-year","conventional"
"380",2.17582375856409e+161,"bottom",36,30216.3959596452,31.1468564270122,"3-year","conventional"
"381",2.07891154006451e+164,"top",37,30216.3959596452,31.1468564270122,"3-year","conventional"
"382",6.57455522271758e+165,"bottom",37,30216.3959596452,31.1468564270122,"3-year","conventional"
"383",6.2817214259665e+168,"top",38,30216.3959596452,31.1468564270122,"3-year","conventional"
"384",1.98659363868188e+170,"bottom",38,30216.3959596452,31.1468564270122,"3-year","conventional"
"385",1.89810981915191e+173,"top",39,30216.3959596452,31.1468564270122,"3-year","conventional"
"386",6.0027699997324e+174,"bottom",39,30216.3959596452,31.1468564270122,"3-year","conventional"
"387",5.73540378703846e+177,"top",40,30216.3959596452,31.1468564270122,"3-year","conventional"
"388",1.81382075166593e+179,"bottom",40,30216.3959596452,31.1468564270122,"3-year","conventional"
"389",1.73303231817603e+182,"top",41,30216.3959596452,31.1468564270122,"3-year","conventional"
"390",5.48071260321591e+183,"bottom",41,30216.3959596452,31.1468564270122,"3-year","conventional"
"391",5.23659907368686e+186,"top",42,30216.3959596452,31.1468564270122,"3-year","conventional"
"392",1.6560738215979e+188,"bottom",42,30216.3959596452,31.1468564270122,"3-year","conventional"
"393",1.58231151092434e+191,"top",43,30216.3959596452,31.1468564270122,"3-year","conventional"
"394",5.00405823318049e+192,"bottom",43,30216.3959596452,31.1468564270122,"3-year","conventional"
"395",4.78117511455942e+195,"top",44,30216.3959596452,31.1468564270122,"3-year","conventional"
"396",1.51204604978904e+197,"bottom",44,30216.3959596452,31.1468564270122,"3-year","conventional"
"397",1.44469880413929e+200,"top",45,30216.3959596452,31.1468564270122,"3-year","conventional"
"398",4.56885821496431e+201,"bottom",45,30216.3959596452,31.1468564270122,"3-year","conventional"
"399",4.36535911082988e+204,"top",46,30216.3959596452,31.1468564270122,"3-year","conventional"
"400",1.38054428906839e+206,"bottom",46,30216.3959596452,31.1468564270122,"3-year","conventional"
"401",1.3190541939888e+209,"top",47,30216.3959596452,31.1468564270122,"3-year","conventional"
"402",4.17150728783175e+210,"bottom",47,30216.3959596452,31.1468564270122,"3-year","conventional"
"403",3.98570638177963e+213,"top",48,30216.3959596452,31.1468564270122,"3-year","conventional"
"404",1.2604791595767e+215,"bottom",48,30216.3959596452,31.1468564270122,"3-year","conventional"
"405",1.20433682210738e+218,"top",49,30216.3959596452,31.1468564270122,"3-year","conventional"
"406",3.80871373846503e+219,"bottom",49,30216.3959596452,31.1468564270122,"3-year","conventional"
"407",3.63907182855774e+222,"top",50,30216.3959596452,31.1468564270122,"3-year","conventional"
"408",1.150856024184e+224,"bottom",50,30216.3959596452,31.1468564270122,"3-year","conventional"
"409",1.09959635297291e+227,"top",51,30216.3959596452,31.1468564270122,"3-year","conventional"
"410",3.47747213192867e+228,"bottom",51,30216.3959596452,31.1468564270122,"3-year","conventional"
"411",3.32258387972112e+231,"top",52,30216.3959596452,31.1468564270122,"3-year","conventional"
"412",1.05076674876988e+233,"bottom",52,30216.3959596452,31.1468564270122,"3-year","conventional"
"413",1.00396510118787e+236,"top",53,30216.3959596452,31.1468564270122,"3-year","conventional"
"414",3.17503841420598e+237,"bottom",53,30216.3959596452,31.1468564270122,"3-year","conventional"
"415",3.03362070271581e+240,"top",54,30216.3959596452,31.1468564270122,"3-year","conventional"
"416",9.59382179107319e+241,"bottom",54,30216.3959596452,31.1468564270122,"3-year","conventional"
"417",9.1665084344638e+244,"top",55,30216.3959596452,31.1468564270122,"3-year","conventional"
"418",2.8989071800534e+246,"bottom",55,30216.3959596452,31.1468564270122,"3-year","conventional"
"419",2.76978848423186e+249,"top",56,30216.3959596452,31.1468564270122,"3-year","conventional"
"420",8.7594527202752e+250,"bottom",56,30216.3959596452,31.1468564270122,"3-year","conventional"
"421",8.36930255640152e+253,"top",57,30216.3959596452,31.1468564270122,"3-year","conventional"
"422",2.64679091785627e+255,"bottom",57,30216.3959596452,31.1468564270122,"3-year","conventional"
"423",2.52890159950299e+258,"top",58,30216.3959596452,31.1468564270122,"3-year","conventional"
"424",7.99764823963377e+259,"bottom",58,30216.3959596452,31.1468564270122,"3-year","conventional"
"425",7.64142920735625e+262,"top",59,30216.3959596452,31.1468564270122,"3-year","conventional"
"426",2.41660105954733e+264,"bottom",59,30216.3959596452,31.1468564270122,"3-year","conventional"
"427",2.30896450627074e+267,"top",60,30216.3959596452,31.1468564270122,"3-year","conventional"
"428",7.30209744917804e+268,"bottom",60,30216.3959596452,31.1468564270122,"3-year","conventional"
"429",6.97685857782434e+271,"top",61,30216.3959596452,31.1468564270122,"3-year","conventional"
"430",2.20643067860279e+273,"bottom",61,30216.3959596452,31.1468564270122,"3-year","conventional"
"431",2.10815521341987e+276,"top",62,30216.3959596452,31.1468564270122,"3-year","conventional"
"432",6.66703830421705e+277,"bottom",62,30216.3959596452,31.1468564270122,"3-year","conventional"
"433",6.37008526730853e+280,"top",63,30216.3959596452,31.1468564270122,"3-year","conventional"
"434",2.01453869278344e+282,"bottom",63,30216.3959596452,31.1468564270122,"3-year","conventional"
"435",1.92481018733697e+285,"top",64,30216.3959596452,31.1468564270122,"3-year","conventional"
"436",6.08720988171704e+286,"bottom",64,30216.3959596452,31.1468564270122,"3-year","conventional"
"437",5.81608267677327e+289,"top",65,30216.3959596452,31.1468564270122,"3-year","conventional"
"438",1.83933544075427e+291,"bottom",65,30216.3959596452,31.1468564270122,"3-year","conventional"
"439",1.75741057095414e+294,"top",66,30216.3959596452,31.1468564270122,"3-year","conventional"
"440",5.55780879804396e+295,"bottom",66,30216.3959596452,31.1468564270122,"3-year","conventional"
"441",5.31026136756165e+298,"top",67,30216.3959596452,31.1468564270122,"3-year","conventional"
"442",1.67936951309696e+300,"bottom",67,30216.3959596452,31.1468564270122,"3-year","conventional"
"443",1.6045696013145e+303,"top",68,30216.3959596452,31.1468564270122,"3-year","conventional"
"444",5.07444941702943e+304,"bottom",68,30216.3959596452,31.1468564270122,"3-year","conventional"
"445",Inf,"top",69,Inf,Inf,"3-year","conventional"
"446",Inf,"bottom",69,Inf,Inf,"3-year","conventional"
"447",1719326.25612747,"top",2,171.932625612747,5.56057153015817,"3-year","low"
"448",49826197.4064303,"bottom",2,Inf,Inf,"3-year","low"
"449",3038877768.09101,"top",3,1767.4817430728,12.090705571225,"3-year","low"
"450",88064764198.2451,"bottom",3,1767.43899358613,12.0906080924956,"3-year","low"
"451",5371043701168.16,"top",4,1767.44315206274,12.0906175748543,"3-year","low"
"452",155649464429066,"bottom",4,1767.44315216332,12.0906175750836,"3-year","low"
"453",9493014409547074,"top",5,1767.44315215354,12.0906175750613,"3-year","low"
"454",275101580041518880,"bottom",5,1767.44315215354,12.0906175750613,"3-year","low"
"455",16778363311448854528,"top",6,1767.44315215354,12.0906175750613,"3-year","low"
"456",4.86226403791001e+20,"bottom",6,1767.44315215354,12.0906175750613,"3-year","low"
"457",2.96548033391645e+22,"top",7,1767.44315215354,12.0906175750613,"3-year","low"
"458",8.59377527776647e+23,"bottom",7,1767.44315215354,12.0906175750613,"3-year","low"
"459",5.24131790902662e+25,"top",8,1767.44315215354,12.0906175750613,"3-year","low"
"460",1.51890092658347e+27,"bottom",8,1767.44315215354,12.0906175750613,"3-year","low"
"461",9.2637314465688e+28,"top",9,1767.44315215354,12.0906175750613,"3-year","low"
"462",2.68457104148963e+30,"bottom",9,1767.44315215354,12.0906175750613,"3-year","low"
"463",1.63731187086274e+32,"top",10,1767.44315215354,12.0906175750613,"3-year","low"
"464",4.74482670375054e+33,"bottom",10,1767.44315215354,12.0906175750613,"3-year","low"
"465",2.89385565409606e+35,"top",11,1767.44315215354,12.0906175750613,"3-year","low"
"466",8.38621146569914e+36,"bottom",11,1767.44315215354,12.0906175750613,"3-year","low"
"467",5.11472535915288e+38,"top",12,1767.44315215354,12.0906175750613,"3-year","low"
"468",1.48221520275614e+40,"bottom",12,1767.44315215354,12.0906175750613,"3-year","low"
"469",9.0399863111808e+41,"top",13,1767.44315215354,12.0906175750613,"3-year","low"
"470",2.61973111012922e+43,"bottom",13,1767.44315215354,12.0906175750613,"3-year","low"
"471",1.59776619012583e+45,"top",14,1767.44315215354,12.0906175750613,"3-year","low"
"472",4.63022581108148e+46,"bottom",14,1767.44315215354,12.0906175750613,"3-year","low"
"473",2.82396091148034e+48,"top",15,1767.44315215354,12.0906175750613,"3-year","low"
"474",8.18366090272052e+49,"bottom",15,1767.44315215354,12.0906175750613,"3-year","low"
"475",4.9911903749452e+51,"top",16,1767.44315215354,12.0906175750613,"3-year","low"
"476",1.446415542206e+53,"bottom",16,1767.44315215354,12.0906175750613,"3-year","low"
"477",8.82164524929154e+54,"top",17,1767.44315215354,12.0906175750613,"3-year","low"
"478",2.55645724524045e+56,"bottom",17,1767.44315215354,12.0906175750613,"3-year","low"
"479",1.55917564865881e+58,"top",18,1767.44315215354,12.0906175750613,"3-year","low"
"480",4.51839285187354e+59,"bottom",18,1767.44315215354,12.0906175750613,"3-year","low"
"481",2.75575432322657e+61,"top",19,1767.44315215354,12.0906175750613,"3-year","low"
"482",7.98600250478339e+62,"bottom",19,1767.44315215354,12.0906175750613,"3-year","low"
"483",4.87063910760432e+64,"top",20,1767.44315215354,12.0906175750613,"3-year","low"
"484",1.41148054401604e+66,"bottom",20,1767.44315215354,12.0906175750613,"3-year","low"
"485",8.60857773734648e+67,"top",21,1767.44315215354,12.0906175750613,"3-year","low"
"486",2.4947116219191e+69,"bottom",21,1767.44315215354,12.0906175750613,"3-year","low"
"487",1.52151717716545e+71,"top",22,1767.44315215354,12.0906175750613,"3-year","low"
"488",4.40926097275877e+72,"bottom",22,1767.44315215354,12.0906175750613,"3-year","low"
"489",2.68919511566505e+74,"top",23,1767.44315215354,12.0906175750613,"3-year","low"
"490",7.79311811236035e+75,"bottom",23,1767.44315215354,12.0906175750613,"3-year","low"
"491",4.75299949198694e+77,"top",24,1767.44315215354,12.0906175750613,"3-year","low"
"492",1.3773893241615e+79,"bottom",24,1767.44315215354,12.0906175750613,"3-year","low"
"493",8.40065640430157e+80,"top",25,1767.44315215354,12.0906175750613,"3-year","low"
"494",2.43445732883864e+82,"bottom",25,1767.44315215354,12.0906175750613,"3-year","low"
"495",1.48476826353776e+84,"top",26,1767.44315215354,12.0906175750613,"3-year","low"
"496",4.30276493506585e+85,"bottom",26,1767.44315215354,12.0906175750613,"3-year","low"
"497",2.62424349992471e+87,"top",27,1767.44315215354,12.0906175750613,"3-year","low"
"498",7.6048924198085e+88,"bottom",27,1767.44315215354,12.0906175750613,"3-year","low"
"499",4.63820120352537e+90,"top",28,1767.44315215354,12.0906175750613,"3-year","low"
"500",1.34412150302549e+92,"bottom",28,1767.44315215354,12.0906175750613,"3-year","low"
"501",8.19775695548122e+93,"top",29,1767.44315215354,12.0906175750613,"3-year","low"
"502",2.37565834618472e+95,"bottom",29,1767.44315215354,12.0906175750613,"3-year","low"
"503",1.44890693939843e+97,"top",30,1767.44315215354,12.0906175750613,"3-year","low"
"504",4.19884107582059e+98,"bottom",30,1767.44315215354,12.0906175750613,"3-year","low"
"505",2.56086064814751e+100,"top",31,1767.44315215354,12.0906175750613,"3-year","low"
"506",7.42121290644011e+101,"bottom",31,1767.44315215354,12.0906175750613,"3-year","low"
"507",4.52617561618779e+103,"top",32,1767.44315215354,12.0906175750613,"3-year","low"
"508",1.3116571932161e+105,"bottom",32,1767.44315215354,12.0906175750613,"3-year","low"
"509",7.99975809827543e+106,"top",33,1767.44315215354,12.0906175750613,"3-year","low"
"510",2.31827952412274e+108,"bottom",33,1767.44315215354,12.0906175750613,"3-year","low"
"511",1.41391176696817e+110,"top",34,1767.44315215354,12.0906175750613,"3-year","low"
"512",4.0974272696885e+111,"bottom",34,1767.44315215354,12.0906175750613,"3-year","low"
"513",2.49900867027721e+113,"top",35,1767.44315215354,12.0906175750613,"3-year","low"
"514",7.24196976925811e+114,"bottom",35,1767.44315215354,12.0906175750613,"3-year","low"
"515",4.41685576145377e+116,"top",36,1767.44315215354,12.0906175750613,"3-year","low"
"516",1.27997698767782e+118,"bottom",36,1767.44315215354,12.0906175750613,"3-year","low"
"517",7.80654146963138e+119,"top",37,1767.44315215354,12.0906175750613,"3-year","low"
"518",2.26228656178528e+121,"bottom",37,1767.44315215354,12.0906175750613,"3-year","low"
"519",1.37976182625026e+123,"top",38,1767.44315215354,12.0906175750613,"3-year","low"
"520",3.99846289183636e+124,"bottom",38,1767.44315215354,12.0906175750613,"3-year","low"
"521",2.43865059140889e+126,"top",39,1767.44315215354,12.0906175750613,"3-year","low"
"522",7.06705585731622e+127,"bottom",39,1767.44315215354,12.0906175750613,"3-year","low"
"523",4.31017628828082e+129,"top",40,1767.44315215354,12.0906175750613,"3-year","low"
"524",1.24906194809001e+131,"bottom",40,1767.44315215354,12.0906175750613,"3-year","low"
"525",7.61799156529649e+132,"top",41,1767.44315215354,12.0906175750613,"3-year","low"
"526",2.20764598676725e+134,"bottom",41,1767.44315215354,12.0906175750613,"3-year","low"
"527",1.34643670252467e+136,"top",42,1767.44315215354,12.0906175750613,"3-year","low"
"528",3.90188878169102e+137,"bottom",42,1767.44315215354,12.0906175750613,"3-year","low"
"529",2.37975032968542e+139,"top",43,1767.44315215354,12.0906175750613,"3-year","low"
"530",6.89636660766451e+140,"bottom",43,1767.44315215354,12.0906175750613,"3-year","low"
"531",4.20607342403763e+142,"top",44,1767.44315215354,12.0906175750613,"3-year","low"
"532",1.2188935935457e+144,"bottom",44,1767.44315215354,12.0906175750613,"3-year","low"
"533",7.43399567077029e+145,"top",45,1767.44315215354,12.0906175750613,"3-year","low"
"534",2.15432513511616e+147,"bottom",45,1767.44315215354,12.0906175750613,"3-year","low"
"535",1.3139164741442e+149,"top",46,1767.44315215354,12.0906175750613,"3-year","low"
"536",3.80764720757331e+150,"bottom",46,1767.44315215354,12.0906175750613,"3-year","low"
"537",2.32227267472789e+152,"top",47,1767.44315215354,12.0906175750613,"3-year","low"
"538",6.72979998284199e+153,"bottom",47,1767.44315215354,12.0906175750613,"3-year","low"
"539",4.1044849363811e+155,"top",48,1767.44315215354,12.0906175750613,"3-year","low"
"540",1.18945388950371e+157,"bottom",48,1767.44315215354,12.0906175750613,"3-year","low"
"541",7.25444379392412e+158,"top",49,1767.44315215354,12.0906175750613,"3-year","low"
"542",2.10229213180572e+160,"bottom",49,1767.44315215354,12.0906175750613,"3-year","low"
"543",1.28218170062539e+162,"top",50,1767.44315215354,12.0906175750613,"3-year","low"
"544",3.71568183218629e+163,"bottom",50,1767.44315215354,12.0906175750613,"3-year","low"
"545",2.26618326658693e+165,"top",51,1767.44315215354,12.0906175750613,"3-year","low"
"546",6.56725640987898e+166,"bottom",51,1767.44315215354,12.0906175750613,"3-year","low"
"547",4.00535009605401e+168,"top",52,1767.44315215354,12.0906175750613,"3-year","low"
"548",1.1607252370077e+170,"bottom",52,1767.44315215354,12.0906175750613,"3-year","low"
"549",7.07922859924819e+171,"top",53,1767.44315215354,12.0906175750613,"3-year","low"
"550",2.05151587168106e+173,"bottom",53,1767.44315215354,12.0906175750613,"3-year","low"
"551",1.25121341102707e+175,"top",54,1767.44315215354,12.0906175750613,"3-year","low"
"552",3.62593767893699e+176,"bottom",54,1767.44315215354,12.0906175750613,"3-year","low"
"553",2.21144857520247e+178,"top",55,1767.44315215354,12.0906175750613,"3-year","low"
"554",6.40863872077269e+179,"bottom",55,1767.44315215354,12.0906175750613,"3-year","low"
"555",3.9086096405813e+181,"top",56,1767.44315215354,12.0906175750613,"3-year","low"
"556",1.13269046216557e+183,"bottom",56,1767.44315215354,12.0906175750613,"3-year","low"
"557",6.90824534368673e+184,"top",57,1767.44315215354,12.0906175750613,"3-year","low"
"558",2.00196600086417e+186,"bottom",57,1767.44315215354,12.0906175750613,"3-year","low"
"559",1.22099309260957e+188,"top",58,1767.44315215354,12.0906175750613,"3-year","low"
"560",3.53836109907158e+189,"bottom",58,1767.44315215354,12.0906175750613,"3-year","low"
"561",2.15803588035956e+191,"top",59,1767.44315215354,12.0906175750613,"3-year","low"
"562",6.25385209440053e+192,"bottom",59,1767.44315215354,12.0906175750613,"3-year","low"
"563",3.81420573884313e+194,"top",60,1767.44315215354,12.0906175750613,"3-year","low"
"564",1.10533280588293e+196,"bottom",60,1767.44315215354,12.0906175750613,"3-year","low"
"565",6.74139181402303e+197,"top",61,1767.44315215354,12.0906175750613,"3-year","low"
"566",1.95361289860844e+199,"bottom",61,1767.44315215354,12.0906175750613,"3-year","low"
"567",1.19150267976789e+201,"top",62,1767.44315215354,12.0906175750613,"3-year","low"
"568",3.45289973960432e+202,"bottom",62,1767.44315215354,12.0906175750613,"3-year","low"
"569",2.10591325212835e+204,"top",63,1767.44315215354,12.0906175750613,"3-year","low"
"570",6.10280399983639e+205,"bottom",63,1767.44315215354,12.0906175750613,"3-year","low"
"571",3.72208195650365e+207,"top",64,1767.44315215354,12.0906175750613,"3-year","low"
"572",1.07863591384461e+209,"bottom",64,1767.44315215354,12.0906175750613,"3-year","low"
"573",6.57856826577662e+210,"top",65,1767.44315215354,12.0906175750613,"3-year","low"
"574",1.90642765959152e+212,"bottom",65,1767.44315215354,12.0906175750613,"3-year","low"
"575",1.16272454323215e+214,"top",66,1767.44315215354,12.0906175750613,"3-year","low"
"576",3.36950251202114e+215,"bottom",66,1767.44315215354,12.0906175750613,"3-year","low"
"577",2.05504953177651e+217,"top",67,1767.44315215354,12.0906175750613,"3-year","low"
"578",5.95540414103591e+218,"bottom",67,1767.44315215354,12.0906175750613,"3-year","low"
"579",3.63218322227474e+220,"top",68,1767.44315215354,12.0906175750613,"3-year","low"
"580",1.05258382673808e+222,"bottom",68,1767.44315215354,12.0906175750613,"3-year","low"
"581",6.41967736357646e+223,"top",69,1767.44315215354,12.0906175750613,"3-year","low"
"582",1.86038207663578e+225,"bottom",69,1767.44315215354,12.0906175750613,"3-year","low"
"583",1.13464147952883e+227,"top",70,1767.44315215354,12.0906175750613,"3-year","low"
"584",3.28811956173909e+228,"bottom",70,1767.44315215354,12.0906175750613,"3-year","low"
"585",2.00541431314259e+230,"top",71,1767.44315215354,12.0906175750613,"3-year","low"
"586",5.81156440285785e+231,"bottom",71,1767.44315215354,12.0906175750613,"3-year","low"
"587",3.54445579499457e+233,"top",72,1767.44315215354,12.0906175750613,"3-year","low"
"588",1.02716097071304e+235,"bottom",72,1767.44315215354,12.0906175750613,"3-year","low"
"589",6.26462412297408e+236,"top",73,1767.44315215354,12.0906175750613,"3-year","low"
"590",1.81544862384614e+238,"bottom",73,1767.44315215354,12.0906175750613,"3-year","low"
"591",1.10723670069664e+240,"top",74,1767.44315215354,12.0906175750613,"3-year","low"
"592",3.20870223830343e+241,"bottom",74,1767.44315215354,12.0906175750613,"3-year","low"
"593",1.95697792445936e+243,"top",75,1767.44315215354,12.0906175750613,"3-year","low"
"594",5.67119879838913e+244,"bottom",75,1767.44315215354,12.0906175750613,"3-year","low"
"595",3.45884723150134e+246,"top",76,1767.44315215354,12.0906175750613,"3-year","low"
"596",1.00235214807143e+248,"bottom",76,1767.44315215354,12.0906175750613,"3-year","low"
"597",6.11331585366227e+249,"top",77,1767.44315215354,12.0906175750613,"3-year","low"
"598",1.77160044015523e+251,"bottom",77,1767.44315215354,12.0906175750613,"3-year","low"
"599",1.0804938242507e+253,"top",78,1767.44315215354,12.0906175750613,"3-year","low"
"600",3.13120306630456e+254,"bottom",78,1767.44315215354,12.0906175750613,"3-year","low"
"601",1.9097114106161e+256,"top",79,1767.44315215354,12.0906175750613,"3-year","low"
"602",5.53422341754216e+257,"bottom",79,1767.44315215354,12.0906175750613,"3-year","low"
"603",3.3753063552829e+259,"top",80,1767.44315215354,12.0906175750613,"3-year","low"
"604",9.78142528182266e+260,"bottom",80,1767.44315215354,12.0906175750613,"3-year","low"
"605",5.96566210406508e+262,"top",81,1767.44315215354,12.0906175750613,"3-year","low"
"606",1.7288113132659e+264,"bottom",81,1767.44315215354,12.0906175750613,"3-year","low"
"607",1.05439686338917e+266,"top",82,1767.44315215354,12.0906175750613,"3-year","low"
"608",3.05557571699738e+267,"bottom",82,1767.44315215354,12.0906175750613,"3-year","low"
"609",1.86358651584936e+269,"top",83,1767.44315215354,12.0906175750613,"3-year","low"
"610",5.40055637689365e+270,"bottom",83,1767.44315215354,12.0906175750613,"3-year","low"
"611",3.29378322588363e+272,"top",84,1767.44315215354,12.0906175750613,"3-year","low"
"612",9.54517638615982e+273,"bottom",84,1767.44315215354,12.0906175750613,"3-year","low"
"613",5.82157460726621e+275,"top",85,1767.44315215354,12.0906175750613,"3-year","low"
"614",1.68705566398158e+277,"bottom",85,1767.44315215354,12.0906175750613,"3-year","low"
"615",1.02893021743636e+279,"top",86,1767.44315215354,12.0906175750613,"3-year","low"
"616",2.98177498060609e+280,"bottom",86,1767.44315215354,12.0906175750613,"3-year","low"
"617",1.81857566685175e+282,"top",87,1767.44315215354,12.0906175750613,"3-year","low"
"618",5.27011777073499e+283,"bottom",87,1767.44315215354,12.0906175750613,"3-year","low"
"619",3.21422910905018e+285,"top",88,1767.44315215354,12.0906175750613,"3-year","low"
"620",9.31463356492825e+286,"bottom",88,1767.44315215354,12.0906175750613,"3-year","low"
"621",5.6809672282433e+288,"top",89,1767.44315215354,12.0906175750613,"3-year","low"
"622",1.64630853091519e+290,"bottom",89,1767.44315215354,12.0906175750613,"3-year","low"
"623",1.00407866251673e+292,"top",90,1767.44315215354,12.0906175750613,"3-year","low"
"624",2.90975673929801e+293,"bottom",90,1767.44315215354,12.0906175750613,"3-year","low"
"625",1.77465195628868e+295,"top",91,1767.44315215354,12.0906175750613,"3-year","low"
"626",5.14282962330489e+296,"bottom",91,1767.44315215354,12.0906175750613,"3-year","low"
"627",3.13659644759831e+298,"top",92,1767.44315215354,12.0906175750613,"3-year","low"
"628",9.08965900040259e+299,"bottom",92,1767.44315215354,12.0906175750613,"3-year","low"
"629",5.54375591237675e+301,"top",93,1767.44315215354,12.0906175750613,"3-year","low"
"630",1.60654555556723e+303,"bottom",93,1767.44315215354,12.0906175750613,"3-year","low"
"631",9.79827342454099e+304,"top",94,1767.44315215354,12.0906175750613,"3-year","low"
"632",2.83947794081001e+306,"bottom",94,1767.44315215354,12.0906175750613,"3-year","low"
"633",Inf,"top",95,Inf,Inf,"3-year","low"
"634",Inf,"bottom",95,Inf,Inf,"3-year","low"
"635",3573563.51113244,"top",2,357.356351113244,4.3478582458593,"4-year","conventional"
"636",168354104.056846,"bottom",2,Inf,Inf,"4-year","conventional"
"637",16483162781.4904,"top",3,4612.52828728012,8.24109196584685,"4-year","conventional"
"638",776529029179.089,"bottom",3,4612.47460244206,8.24106798639398,"4-year","conventional"
"639",76028238254993,"top",4,4612.47876168329,8.24106984421333,"4-year","conventional"
"640",3581723654956686,"bottom",4,4612.4787617317,8.24106984423495,"4-year","conventional"
"641",350678634242747840,"top",5,4612.47876172795,8.24106984423327,"4-year","conventional"
"642",16520624288866320384,"bottom",5,4612.47876172795,8.24106984423327,"4-year","conventional"
"643",1.61749775263644e+21,"top",6,4612.47876172795,8.24106984423327,"4-year","conventional"
"644",7.62010286628828e+22,"bottom",6,4612.47876172795,8.24106984423327,"4-year","conventional"
"645",7.46067403117826e+24,"top",7,4612.47876172795,8.24106984423327,"4-year","conventional"
"646",3.5147562632937e+26,"bottom",7,4612.47876172795,8.24106984423327,"4-year","conventional"
"647",3.4412200516985e+28,"top",8,4612.47876172795,8.24106984423327,"4-year","conventional"
"648",1.62117386170925e+30,"bottom",8,4612.47876172795,8.24106984423327,"4-year","conventional"
"649",1.58725544028917e+32,"top",9,4612.47876172795,8.24106984423327,"4-year","conventional"
"650",7.47763000620239e+33,"bottom",9,4612.47876172795,8.24106984423327,"4-year","conventional"
"651",7.32118200777093e+35,"top",10,4612.47876172795,8.24106984423327,"4-year","conventional"
"652",3.44904095916681e+37,"bottom",10,4612.47876172795,8.24106984423327,"4-year","conventional"
"653",3.37687965215882e+39,"top",11,4612.47876172795,8.24106984423327,"4-year","conventional"
"654",1.59086281724867e+41,"bottom",11,4612.47876172795,8.24106984423327,"4-year","conventional"
"655",1.55757856764938e+43,"top",12,4612.47876172795,8.24106984423327,"4-year","conventional"
"656",7.33782095738219e+44,"bottom",12,4612.47876172795,8.24106984423327,"4-year","conventional"
"657",7.18429806300542e+46,"top",13,4612.47876172795,8.24106984423327,"4-year","conventional"
"658",3.38455433232876e+48,"bottom",13,4612.47876172795,8.24106984423327,"4-year","conventional"
"659",3.31374222335357e+50,"top",14,4612.47876172795,8.24106984423327,"4-year","conventional"
"660",1.56111849757807e+52,"bottom",14,4612.47876172795,8.24106984423327,"4-year","conventional"
"661",1.52845656270595e+54,"top",15,4612.47876172795,8.24106984423327,"4-year","conventional"
"662",7.20062591461951e+55,"bottom",15,4612.47876172795,8.24106984423327,"4-year","conventional"
"663",7.04997343370491e+57,"top",16,4612.47876172795,8.24106984423327,"4-year","conventional"
"664",3.32127341023304e+59,"bottom",16,4612.47876172795,8.24106984423327,"4-year","conventional"
"665",3.25178527337101e+61,"top",17,4612.47876172795,8.24106984423327,"4-year","conventional"
"666",1.53193030665917e+63,"bottom",17,4612.47876172795,8.24106984423327,"4-year","conventional"
"667",1.49987905111235e+65,"top",18,4612.47876172795,8.24106984423327,"4-year","conventional"
"668",7.06599600391279e+66,"bottom",18,4612.47876172795,8.24106984423327,"4-year","conventional"
"669",6.9181602684164e+68,"top",19,4612.47876172795,8.24106984423327,"4-year","conventional"
"670",3.25917564985023e+70,"bottom",19,4612.47876172795,8.24106984423327,"4-year","conventional"
"671",3.19098673083008e+72,"top",20,4612.47876172795,8.24106984423327,"4-year","conventional"
"672",1.50328784656751e+74,"bottom",20,4612.47876172795,8.24106984423327,"4-year","conventional"
"673",1.47183585249094e+76,"top",21,4612.47876172795,8.24106984423327,"4-year","conventional"
"674",6.93388326505637e+77,"bottom",21,4612.47876172795,8.24106984423327,"4-year","conventional"
"675",6.78881161036422e+79,"top",22,4612.47876172795,8.24106984423327,"4-year","conventional"
"676",3.19823892963734e+81,"bottom",22,4612.47876172795,8.24106984423327,"4-year","conventional"
"677",3.13132493701771e+83,"top",23,4612.47876172795,8.24106984423327,"4-year","conventional"
"678",1.47518091378837e+85,"bottom",23,4612.47876172795,8.24106984423327,"4-year","conventional"
"679",1.44431697680633e+87,"top",24,4612.47876172795,8.24106984423327,"4-year","conventional"
"680",6.80424063455531e+88,"bottom",24,4612.47876172795,8.24106984423327,"4-year","conventional"
"681",6.66188138072232e+90,"top",25,4612.47876172795,8.24106984423327,"4-year","conventional"
"682",3.13844154165727e+92,"bottom",25,4612.47876172795,8.24106984423327,"4-year","conventional"
"683",3.07277863817326e+94,"top",26,4612.47876172795,8.24106984423327,"4-year","conventional"
"684",1.44759949558189e+96,"bottom",26,4612.47876172795,8.24106984423327,"4-year","conventional"
"685",1.41731262080655e+98,"top",27,4612.47876172795,8.24106984423327,"4-year","conventional"
"686",6.67702192885955e+99,"bottom",27,4612.47876172795,8.24106984423327,"4-year","conventional"
"687",6.53732436219918e+101,"top",28,4612.47876172795,8.24106984423327,"4-year","conventional"
"688",3.07976218384565e+103,"bottom",28,4612.47876172795,8.24106984423327,"4-year","conventional"
"689",3.01532697791704e+105,"top",29,4612.47876172795,8.24106984423327,"4-year","conventional"
"690",1.42053376641609e+107,"bottom",29,4612.47876172795,8.24106984423327,"4-year","conventional"
"691",1.39081316453077e+109,"top",30,4612.47876172795,8.24106984423327,"4-year","conventional"
"692",6.55218182791164e+110,"bottom",30,4612.47876172795,8.24106984423327,"4-year","conventional"
"693",6.41509618292981e+112,"top",31,4612.47876172795,8.24106984423327,"4-year","conventional"
"694",3.02217995242223e+114,"bottom",31,4612.47876172795,8.24106984423327,"4-year","conventional"
"695",2.95894948982058e+116,"top",32,4612.47876172795,8.24106984423327,"4-year","conventional"
"696",1.39397408446675e+118,"bottom",32,4612.47876172795,8.24106984423327,"4-year","conventional"
"697",1.36480916788232e+120,"top",33,4612.47876172795,8.24106984423327,"4-year","conventional"
"698",6.42967585900205e+121,"bottom",33,4612.47876172795,8.24106984423327,"4-year","conventional"
"699",6.29515330066879e+123,"top",34,4612.47876172795,8.24106984423327,"4-year","conventional"
"700",2.96567433444419e+125,"bottom",34,4612.47876172795,8.24106984423327,"4-year","conventional"
"701",2.90362609011564e+127,"top",35,4612.47876172795,8.24106984423327,"4-year","conventional"
"702",1.36791098818255e+129,"bottom",35,4612.47876172795,8.24106984423327,"4-year","conventional"
"703",1.33929136726575e+131,"top",36,4612.47876172795,8.24106984423327,"4-year","conventional"
"704",6.3094603809263e+132,"bottom",36,4612.47876172795,8.24106984423327,"4-year","conventional"
"705",6.17745298727888e+134,"top",37,4612.47876172795,8.24106984423327,"4-year","conventional"
"706",2.91022520049865e+136,"bottom",37,4612.47876172795,8.24106984423327,"4-year","conventional"
"707",2.84933707053967e+138,"top",38,4612.47876172795,8.24106984423327,"4-year","conventional"
"708",1.34233519291455e+140,"bottom",38,4612.47876172795,8.24106984423327,"4-year","conventional"
"709",1.31425067228684e+142,"top",39,4612.47876172795,8.24106984423327,"4-year","conventional"
"710",6.19149256843834e+143,"bottom",39,4612.47876172795,8.24106984423327,"4-year","conventional"
"711",6.06195331350971e+145,"top",40,4612.47876172795,8.24106984423327,"4-year","conventional"
"712",2.85581279753183e+147,"bottom",40,4612.47876172795,8.24106984423327,"4-year","conventional"
"713",2.79606309131499e+149,"top",41,4612.47876172795,8.24106984423327,"4-year","conventional"
"714",1.31723758760864e+151,"bottom",41,4612.47876172795,8.24106984423327,"4-year","conventional"
"715",1.28967816251418e+153,"top",42,4612.47876172795,8.24106984423327,"4-year","conventional"
"716",6.07573039699463e+154,"bottom",42,4612.47876172795,8.24106984423327,"4-year","conventional"
"717",5.94861313406098e+156,"top",43,4612.47876172795,8.24106984423327,"4-year","conventional"
"718",2.80241774181227e+158,"bottom",43,4612.47876172795,8.24106984423327,"4-year","conventional"
"719",2.74378517425922e+160,"top",44,4612.47876172795,8.24106984423327,"4-year","conventional"
"720",1.29260923155987e+162,"bottom",44,4612.47876172795,8.24106984423327,"4-year","conventional"
"721",1.26556508430147e+164,"top",45,4612.47876172795,8.24106984423327,"4-year","conventional"
"722",5.96213262778338e+165,"bottom",45,4612.47876172795,8.24106984423327,"4-year","conventional"
"723",5.83739207292497e+167,"top",46,4612.47876172795,8.24106984423327,"4-year","conventional"
"724",2.75002101202561e+169,"bottom",46,4612.47876172795,8.24106984423327,"4-year","conventional"
"725",2.69248469602455e+171,"top",47,4612.47876172795,8.24106984423327,"4-year","conventional"
"726",1.26844135122737e+173,"bottom",47,4612.47876172795,8.24106984423327,"4-year","conventional"
"727",1.24190284766908e+175,"top",48,4612.47876172795,8.24106984423327,"4-year","conventional"
"728",5.85065879303375e+176,"bottom",48,4612.47876172795,8.24106984423327,"4-year","conventional"
"729",5.72825050900308e+178,"top",49,4612.47876172795,8.24106984423327,"4-year","conventional"
"730",2.69860394249851e+180,"bottom",49,4612.47876172795,8.24106984423327,"4-year","conventional"
"731",2.6421433814634e+182,"top",50,4612.47876172795,8.24106984423327,"4-year","conventional"
"732",1.24472533710897e+184,"bottom",50,4612.47876172795,8.24106984423327,"4-year","conventional"
"733",1.218683023244e+186,"top",51,4612.47876172795,8.24106984423327,"4-year","conventional"
"734",5.74126918159978e+187,"bottom",51,4612.47876172795,8.24106984423327,"4-year","conventional"
"735",5.62114956199136e+189,"top",52,4612.47876172795,8.24106984423327,"4-year","conventional"
"736",2.64814821654922e+191,"bottom",52,4612.47876172795,8.24106984423327,"4-year","conventional"
"737",2.59274329711815e+193,"top",53,4612.47876172795,8.24106984423327,"4-year","conventional"
"738",1.2214527406741e+195,"bottom",53,4612.47876172795,8.24106984423327,"4-year","conventional"
"739",1.195897339257e+197,"top",54,4612.47876172795,8.24106984423327,"4-year","conventional"
"740",5.63392482481369e+198,"bottom",54,4612.47876172795,8.24106984423327,"4-year","conventional"
"741",5.51605107852987e+200,"top",55,4612.47876172795,8.24106984423327,"4-year","conventional"
"742",2.5986358599625e+202,"bottom",55,4612.47876172795,8.24106984423327,"4-year","conventional"
"743",2.54426684483256e+204,"top",56,4612.47876172795,8.24106984423327,"4-year","conventional"
"744",1.19861527135417e+206,"bottom",56,4612.47876172795,8.24106984423327,"4-year","conventional"
"745",1.17353767859588e+208,"top",57,4612.47876172795,8.24106984423327,"4-year","conventional"
"746",5.52858748260388e+209,"bottom",57,4612.47876172795,8.24106984423327,"4-year","conventional"
"747",5.412917618611e+211,"top",58,4612.47876172795,8.24106984423327,"4-year","conventional"
"748",2.55004923458654e+213,"bottom",58,4612.47876172795,8.24106984423327,"4-year","conventional"
"749",2.49669675548263e+215,"top",59,4612.47876172795,8.24106984423327,"4-year","conventional"
"750",1.1762047935891e+217,"bottom",59,4612.47876172795,8.24106984423327,"4-year","conventional"
"751",1.15159607591387e+219,"top",60,4612.47876172795,8.24106984423327,"4-year","conventional"
"752",5.42521962987235e+220,"bottom",60,4612.47876172795,8.24106984423327,"4-year","conventional"
"753",5.31171244224197e+222,"top",61,4612.47876172795,8.24106984423327,"4-year","conventional"
"754",2.50237103204958e+224,"bottom",61,4612.47876172795,8.24106984423327,"4-year","conventional"
"755",2.45001608282472e+226,"top",62,4612.47876172795,8.24106984423327,"4-year","conventional"
"756",1.15421332392919e+228,"bottom",62,4612.47876172795,8.24106984423327,"4-year","conventional"
"757",1.13006471479209e+230,"top",63,4612.47876172795,8.24106984423327,"4-year","conventional"
"758",5.32378444312682e+231,"bottom",63,4612.47876172795,8.24106984423327,"4-year","conventional"
"759",5.21239949635668e+233,"top",64,4612.47876172795,8.24106984423327,"4-year","conventional"
"760",2.45558426759401e+235,"bottom",64,4612.47876172795,8.24106984423327,"4-year","conventional"
"761",2.40420819745866e+237,"top",65,4612.47876172795,8.24106984423327,"4-year","conventional"
"762",1.13263302819107e+239,"bottom",65,4612.47876172795,8.24106984423327,"4-year","conventional"
"763",1.10893592495503e+241,"top",66,4612.47876172795,8.24106984423327,"4-year","conventional"
"764",5.22424578736291e+242,"bottom",66,4612.47876172795,8.24106984423327,"4-year","conventional"
"765",5.11494340197223e+244,"top",67,4612.47876172795,8.24106984423327,"4-year","conventional"
"766",2.40967227402581e+246,"bottom",67,4612.47876172795,8.24106984423327,"4-year","conventional"
"767",2.35925678090374e+248,"top",68,4612.47876172795,8.24106984423327,"4-year","conventional"
"768",1.11145621866688e+250,"bottom",68,4612.47876172795,8.24106984423327,"4-year","conventional"
"769",1.08820217953812e+252,"top",69,4612.47876172795,8.24106984423327,"4-year","conventional"
"770",5.12656820319142e+253,"bottom",69,4612.47876172795,8.24106984423327,"4-year","conventional"
"771",5.01930944158562e+255,"top",70,4612.47876172795,8.24106984423327,"4-year","conventional"
"772",2.36461869577702e+257,"bottom",70,4612.47876172795,8.24106984423327,"4-year","conventional"
"773",2.31514581978543e+259,"top",71,4612.47876172795,8.24106984423327,"4-year","conventional"
"774",1.09067535138564e+261,"bottom",71,4612.47876172795,8.24106984423327,"4-year","conventional"
"775",1.06785609240635e+263,"top",72,4612.47876172795,8.24106984423327,"4-year","conventional"
"776",5.03071689420642e+264,"bottom",72,4612.47876172795,8.24106984423327,"4-year","conventional"
"777",4.9254635468061e+266,"top",73,4612.47876172795,8.24106984423327,"4-year","conventional"
"778",2.32040748307931e+268,"bottom",73,4612.47876172795,8.24106984423327,"4-year","conventional"
"779",2.27185960013083e+270,"top",74,4612.47876172795,8.24106984423327,"4-year","conventional"
"780",1.07028302342579e+272,"bottom",74,4612.47876172795,8.24106984423327,"4-year","conventional"
"781",1.04789041552312e+274,"top",75,4612.47876172795,8.24106984423327,"4-year","conventional"
"782",4.93665771458945e+275,"bottom",75,4612.47876172795,8.24106984423327,"4-year","conventional"
"783",4.83337228621868e+277,"top",76,4612.47876172795,8.24106984423327,"4-year","conventional"
"784",2.27702288624643e+279,"bottom",76,4612.47876172795,8.24106984423327,"4-year","conventional"
"785",2.22938270177081e+281,"top",77,4612.47876172795,8.24106984423327,"4-year","conventional"
"786",1.05027197027801e+283,"bottom",77,4612.47876172795,8.24106984423327,"4-year","conventional"
"787",1.02829803636815e+285,"top",78,4612.47876172795,8.24106984423327,"4-year","conventional"
"788",4.8443571569455e+286,"bottom",78,4612.47876172795,8.24106984423327,"4-year","conventional"
"789",4.74300285347467e+288,"top",79,4612.47876172795,8.24106984423327,"4-year","conventional"
"790",2.23444945006359e+290,"bottom",79,4612.47876172795,8.24106984423327,"4-year","conventional"
"791",2.1876999928467e+292,"top",80,4612.47876172795,8.24106984423327,"4-year","conventional"
"792",1.0306350632573e+294,"bottom",80,4612.47876172795,8.24106984423327,"4-year","conventional"
"793",1.00907197540378e+296,"top",81,4612.47876172795,8.24106984423327,"4-year","conventional"
"794",4.75378234036644e+297,"bottom",81,4612.47876172795,8.24106984423327,"4-year","conventional"
"795",4.6543230556048e+299,"top",82,4612.47876172795,8.24106984423327,"4-year","conventional"
"796",2.19267200828176e+301,"bottom",82,4612.47876172795,8.24106984423327,"4-year","conventional"
"797",2.14679662441979e+303,"top",83,4612.47876172795,8.24106984423327,"4-year","conventional"
"798",1.0113653069635e+305,"bottom",83,4612.47876172795,8.24106984423327,"4-year","conventional"
"799",101738.579848532,"top",2,10.1738579848532,1.78595872505763,"4-year","low"
"800",2691245.4895076,"bottom",2,Inf,Inf,"4-year","low"
"801",7980701.66023527,"top",3,78.4432186110413,2.9760405969197,"4-year","low"
"802",211056864.729868,"bottom",3,78.4234903700605,2.97585346288462,"4-year","low"
"803",625894899.984388,"top",4,78.4260490657079,2.97587773561881,"4-year","low"
"804",16552356164.8093,"bottom",4,78.4260497093743,2.9758777417248,"4-year","low"
"805",49086464486.7573,"top",5,78.4260496258744,2.97587774093269,"4-year","low"
"806",1298135906006.14,"bottom",5,78.4260496258534,2.97587774093249,"4-year","low"
"807",3849657499796.25,"top",6,78.4260496258561,2.97587774093252,"4-year","low"
"808",101807670985543,"bottom",6,78.4260496258561,2.97587774093252,"4-year","low"
"809",301913430121570,"top",7,78.4260496258561,2.97587774093252,"4-year","low"
"810",7984373457005022,"bottom",7,78.4260496258561,2.97587774093252,"4-year","low"
"811",23677877653426672,"top",8,78.4260496258561,2.97587774093252,"4-year","low"
"812",626182868970443904,"bottom",8,78.4260496258561,2.97587774093252,"4-year","low"
"813",1856962407882589184,"top",9,78.4260496258561,2.97587774093252,"4-year","low"
"814",4.9109048756737e+19,"bottom",9,78.4260496258561,2.97587774093252,"4-year","low"
"815",1.45634225953949e+20,"top",10,78.4260496258561,2.97587774093252,"4-year","low"
"816",3.85142869487444e+21,"bottom",10,78.4260496258561,2.97587774093252,"4-year","low"
"817",1.14215170318876e+22,"top",11,78.4260496258561,2.97587774093252,"4-year","low"
"818",3.02052337954669e+23,"bottom",11,78.4260496258561,2.97587774093252,"4-year","low"
"819",8.95744461545374e+23,"top",12,78.4260496258561,2.97587774093252,"4-year","low"
"820",2.36887716460387e+25,"bottom",12,78.4260496258561,2.97587774093252,"4-year","low"
"821",7.02496995932432e+25,"top",13,78.4260496258561,2.97587774093252,"4-year","low"
"822",1.85781678068781e+27,"bottom",13,78.4260496258561,2.97587774093252,"4-year","low"
"823",5.50940642650117e+27,"top",14,78.4260496258561,2.97587774093252,"4-year","low"
"824",1.4570123103797e+29,"bottom",14,78.4260496258561,2.97587774093252,"4-year","low"
"825",4.32080981813792e+29,"top",15,78.4260496258561,2.97587774093252,"4-year","low"
"826",1.14267719759322e+31,"bottom",15,78.4260496258561,2.97587774093252,"4-year","low"
"827",3.3886404522117e+31,"top",16,78.4260496258561,2.97587774093252,"4-year","low"
"828",8.96156586047797e+32,"bottom",16,78.4260496258561,2.97587774093252,"4-year","low"
"829",2.65757684269338e+33,"top",17,78.4260496258561,2.97587774093252,"4-year","low"
"830",7.02820208899223e+34,"bottom",17,78.4260496258561,2.97587774093252,"4-year","low"
"831",2.08423253349597e+35,"top",18,78.4260496258561,2.97587774093252,"4-year","low"
"832",5.5119412581185e+36,"bottom",18,78.4260496258561,2.97587774093252,"4-year","low"
"833",1.63458124103779e+37,"top",19,78.4260496258561,2.97587774093252,"4-year","low"
"834",4.32279778644005e+38,"bottom",19,78.4260496258561,2.97587774093252,"4-year","low"
"835",1.28193749527123e+39,"top",20,78.4260496258561,2.97587774093252,"4-year","low"
"836",3.39019953721889e+40,"bottom",20,78.4260496258561,2.97587774093252,"4-year","low"
"837",1.00537293621387e+41,"top",21,78.4260496258561,2.97587774093252,"4-year","low"
"838",2.65879957147483e+42,"bottom",21,78.4260496258561,2.97587774093252,"4-year","low"
"839",7.88474277880018e+42,"top",22,78.4260496258561,2.97587774093252,"4-year","low"
"840",2.0851914713769e+44,"bottom",22,78.4260496258561,2.97587774093252,"4-year","low"
"841",6.18369228457294e+44,"top",23,78.4260496258561,2.97587774093252,"4-year","low"
"842",1.63533329813616e+46,"bottom",23,78.4260496258561,2.97587774093252,"4-year","low"
"843",4.84962557980941e+46,"top",24,78.4260496258561,2.97587774093252,"4-year","low"
"844",1.28252730394442e+48,"bottom",24,78.4260496258561,2.97587774093252,"4-year","low"
"845",3.80336976388954e+48,"top",25,78.4260496258561,2.97587774093252,"4-year","low"
"846",1.0058354998566e+50,"bottom",25,78.4260496258561,2.97587774093252,"4-year","low"
"847",2.98283265848281e+50,"top",26,78.4260496258561,2.97587774093252,"4-year","low"
"848",7.88837048272017e+51,"bottom",26,78.4260496258561,2.97587774093252,"4-year","low"
"849",2.33931782099797e+52,"top",27,78.4260496258561,2.97587774093252,"4-year","low"
"850",6.1865373494495e+53,"bottom",27,78.4260496258561,2.97587774093252,"4-year","low"
"851",1.83463455520237e+54,"top",28,78.4260496258561,2.97587774093252,"4-year","low"
"852",4.85185685180139e+55,"bottom",28,78.4260496258561,2.97587774093252,"4-year","low"
"853",1.43883140671611e+56,"top",29,78.4260496258561,2.97587774093252,"4-year","low"
"854",3.80511966236926e+57,"bottom",29,78.4260496258561,2.97587774093252,"4-year","low"
"855",1.12841863306358e+58,"top",30,78.4260496258561,2.97587774093252,"4-year","low"
"856",2.98420503473292e+59,"bottom",30,78.4260496258561,2.97587774093252,"4-year","low"
"857",8.84974157153851e+59,"top",31,78.4260496258561,2.97587774093252,"4-year","low"
"858",2.34039412147694e+61,"bottom",31,78.4260496258561,2.97587774093252,"4-year","low"
"859",6.94050271665481e+61,"top",32,78.4260496258561,2.97587774093252,"4-year","low"
"860",1.83547865515012e+63,"bottom",32,78.4260496258561,2.97587774093252,"4-year","low"
"861",5.44316210484759e+63,"top",33,78.4260496258561,2.97587774093252,"4-year","low"
"862",1.43949340096003e+65,"bottom",33,78.4260496258561,2.97587774093252,"4-year","low"
"863",4.26885701356356e+65,"top",34,78.4260496258561,2.97587774093252,"4-year","low"
"864",1.12893780899784e+67,"bottom",34,78.4260496258561,2.97587774093252,"4-year","low"
"865",3.3478959199142e+67,"top",35,78.4260496258561,2.97587774093252,"4-year","low"
"866",8.85381326329696e+68,"bottom",35,78.4260496258561,2.97587774093252,"4-year","low"
"867",2.62562251557392e+69,"top",36,78.4260496258561,2.97587774093252,"4-year","low"
"868",6.9436959836539e+70,"bottom",36,78.4260496258561,2.97587774093252,"4-year","low"
"869",2.05917201705165e+71,"top",37,78.4260496258561,2.97587774093252,"4-year","low"
"870",5.44566645800898e+72,"bottom",37,78.4260496258561,2.97587774093252,"4-year","low"
"871",1.61492726797467e+73,"top",38,78.4260496258561,2.97587774093252,"4-year","low"
"872",4.27082107881672e+74,"bottom",38,78.4260496258561,2.97587774093252,"4-year","low"
"873",1.2665236606033e+75,"top",39,78.4260496258561,2.97587774093252,"4-year","low"
"874",3.34943625870433e+76,"bottom",39,78.4260496258561,2.97587774093252,"4-year","low"
"875",9.93284474587952e+76,"top",40,78.4260496258561,2.97587774093252,"4-year","low"
"876",2.62683054243787e+78,"bottom",40,78.4260496258561,2.97587774093252,"4-year","low"
"877",7.78993774966271e+78,"top",41,78.4260496258561,2.97587774093252,"4-year","low"
"878",2.06011942479947e+80,"bottom",41,78.4260496258561,2.97587774093252,"4-year","low"
"879",6.10934044537377e+80,"top",42,78.4260496258561,2.97587774093252,"4-year","low"
"880",1.61567028244513e+82,"bottom",42,78.4260496258561,2.97587774093252,"4-year","low"
"881",4.79131436950133e+82,"top",43,78.4260496258561,2.97587774093252,"4-year","low"
"882",1.26710637750063e+84,"bottom",43,78.4260496258561,2.97587774093252,"4-year","low"
"883",3.75763858515589e+84,"top",44,78.4260496258561,2.97587774093252,"4-year","low"
"884",9.93741476431032e+85,"bottom",44,78.4260496258561,2.97587774093252,"4-year","low"
"885",2.94696750155467e+86,"top",45,78.4260496258561,2.97587774093252,"4-year","low"
"886",7.79352183458516e+87,"bottom",45,78.4260496258561,2.97587774093252,"4-year","low"
"887",2.31119019522712e+88,"top",46,78.4260496258561,2.97587774093252,"4-year","low"
"888",6.11215130159369e+89,"bottom",46,78.4260496258561,2.97587774093252,"4-year","low"
"889",1.81257516945674e+90,"top",47,78.4260496258561,2.97587774093252,"4-year","low"
"890",4.79351881299527e+91,"bottom",47,78.4260496258561,2.97587774093252,"4-year","low"
"891",1.42153110190409e+92,"top",48,78.4260496258561,2.97587774093252,"4-year","low"
"892",3.75936744310442e+93,"bottom",48,78.4260496258561,2.97587774093252,"4-year","low"
"893",1.11485068742628e+94,"top",49,78.4260496258561,2.97587774093252,"4-year","low"
"894",2.94832337654735e+95,"bottom",49,78.4260496258561,2.97587774093252,"4-year","low"
"895",8.74333353375132e+95,"top",50,78.4260496258561,2.97587774093252,"4-year","low"
"896",2.31225355442174e+97,"bottom",50,78.4260496258561,2.97587774093252,"4-year","low"
"897",6.85705109613393e+97,"top",51,78.4260496258561,2.97587774093252,"4-year","low"
"898",1.81340912006642e+99,"bottom",51,78.4260496258561,2.97587774093252,"4-year","low"
"899",5.3777142955243e+99,"top",52,78.4260496258561,2.97587774093252,"4-year","low"
"900",1.42218513642309e+101,"bottom",52,78.4260496258561,2.97587774093252,"4-year","low"
"901",4.21752888214465e+101,"top",53,78.4260496258561,2.97587774093252,"4-year","low"
"902",1.11536362086272e+103,"bottom",53,78.4260496258561,2.97587774093252,"4-year","low"
"903",3.30764129409557e+103,"top",54,78.4260496258561,2.97587774093252,"4-year","low"
"904",8.74735626806542e+104,"bottom",54,78.4260496258561,2.97587774093252,"4-year","low"
"905",2.5940524027527e+105,"top",55,78.4260496258561,2.97587774093252,"4-year","low"
"906",6.86020596774342e+106,"bottom",55,78.4260496258561,2.97587774093252,"4-year","low"
"907",2.03441282470355e+107,"top",56,78.4260496258561,2.97587774093252,"4-year","low"
"908",5.38018853669839e+108,"bottom",56,78.4260496258561,2.97587774093252,"4-year","low"
"909",1.59550961149678e+109,"top",57,78.4260496258561,2.97587774093252,"4-year","low"
"910",4.2194693317557e+110,"bottom",57,78.4260496258561,2.97587774093252,"4-year","low"
"911",1.25129515969777e+111,"top",58,78.4260496258561,2.97587774093252,"4-year","low"
"912",3.3091631120705e+112,"bottom",58,78.4260496258561,2.97587774093252,"4-year","low"
"913",9.8134136291051e+112,"top",59,78.4260496258561,2.97587774093252,"4-year","low"
"914",2.59524590447294e+114,"bottom",59,78.4260496258561,2.97587774093252,"4-year","low"
"915",7.69627264275249e+114,"top",60,78.4260496258561,2.97587774093252,"4-year","low"
"916",2.03534884095494e+116,"bottom",60,78.4260496258561,2.97587774093252,"4-year","low"
"917",6.03588260214625e+116,"top",61,78.4260496258561,2.97587774093252,"4-year","low"
"918",1.59624369206661e+118,"bottom",61,78.4260496258561,2.97587774093252,"4-year","low"
"919",4.73370428491763e+118,"top",62,78.4260496258561,2.97587774093252,"4-year","low"
"920",1.25187087008976e+120,"bottom",62,78.4260496258561,2.97587774093252,"4-year","low"
"921",3.71245727163078e+120,"top",63,78.4260496258561,2.97587774093252,"4-year","low"
"922",9.8179286982823e+121,"bottom",63,78.4260496258561,2.97587774093252,"4-year","low"
"923",2.91153358218786e+122,"top",64,78.4260496258561,2.97587774093252,"4-year","low"
"924",7.69981363314604e+123,"bottom",64,78.4260496258561,2.97587774093252,"4-year","low"
"925",2.28340077204012e+124,"top",65,78.4260496258561,2.97587774093252,"4-year","low"
"926",6.03865966102955e+125,"bottom",65,78.4260496258561,2.97587774093252,"4-year","low"
"927",1.79078102263736e+126,"top",66,78.4260496258561,2.97587774093252,"4-year","low"
"928",4.73588222249559e+127,"bottom",66,78.4260496258561,2.97587774093252,"4-year","low"
"929",1.40443881350399e+128,"top",67,78.4260496258561,2.97587774093252,"4-year","low"
"930",3.71416534203649e+129,"bottom",67,78.4260496258561,2.97587774093252,"4-year","low"
"931",1.10144588084342e+130,"top",68,78.4260496258561,2.97587774093252,"4-year","low"
"932",2.91287315433188e+131,"bottom",68,78.4260496258561,2.97587774093252,"4-year","low"
"933",8.63820493112212e+131,"top",69,78.4260496258561,2.97587774093252,"4-year","low"
"934",2.28445134555456e+133,"bottom",69,78.4260496258561,2.97587774093252,"4-year","low"
"935",6.77460288606498e+133,"top",70,78.4260496258561,2.97587774093252,"4-year","low"
"936",1.79160494594316e+135,"bottom",70,78.4260496258561,2.97587774093252,"4-year","low"
"937",5.31305342138e+135,"top",71,78.4260496258561,2.97587774093252,"4-year","low"
"938",1.40508498400467e+137,"bottom",71,78.4260496258561,2.97587774093252,"4-year","low"
"939",4.16681791289972e+137,"top",72,78.4260496258561,2.97587774093252,"4-year","low"
"940",1.10195264684096e+139,"bottom",72,78.4260496258561,2.97587774093252,"4-year","low"
"941",3.2678706841898e+139,"top",73,78.4260496258561,2.97587774093252,"4-year","low"
"942",8.64217929664923e+140,"bottom",73,78.4260496258561,2.97587774093252,"4-year","low"
"943",2.56286188449149e+141,"top",74,78.4260496258561,2.97587774093252,"4-year","low"
"944",6.77771982394558e+142,"bottom",74,78.4260496258561,2.97587774093252,"4-year","low"
"945",2.00995133337345e+143,"top",75,78.4260496258561,2.97587774093252,"4-year","low"
"946",5.31549791262905e+144,"bottom",75,78.4260496258561,2.97587774093252,"4-year","low"
"947",1.57632543016702e+145,"top",76,78.4260496258561,2.97587774093252,"4-year","low"
"948",4.1687350308198e+146,"bottom",76,78.4260496258561,2.97587774093252,"4-year","low"
"949",1.23624976412777e+147,"top",77,78.4260496258561,2.97587774093252,"4-year","low"
"950",3.26937420404119e+148,"bottom",77,78.4260496258561,2.97587774093252,"4-year","low"
"951",9.69541853514377e+148,"top",78,78.4260496258561,2.97587774093252,"4-year","low"
"952",2.56404103571628e+150,"bottom",78,78.4260496258561,2.97587774093252,"4-year","low"
"953",7.6037337518063e+150,"top",79,78.4260496258561,2.97587774093252,"4-year","low"
"954",2.01087609509816e+152,"bottom",79,78.4260496258561,2.97587774093252,"4-year","low"
"955",5.96330800560958e+152,"top",80,78.4260496258561,2.97587774093252,"4-year","low"
"956",1.57705068425616e+154,"bottom",80,78.4260496258561,2.97587774093252,"4-year","low"
"957",4.67678689582202e+154,"top",81,78.4260496258561,2.97587774093252,"4-year","low"
"958",1.23681855225964e+156,"bottom",81,78.4260496258561,2.97587774093252,"4-year","low"
"959",3.66781921181291e+156,"top",82,78.4260496258561,2.97587774093252,"4-year","low"
"960",9.69987931576941e+157,"bottom",82,78.4260496258561,2.97587774093252,"4-year","low"
"961",2.87652571524308e+158,"top",83,78.4260496258561,2.97587774093252,"4-year","low"
"962",7.60723216583347e+159,"bottom",83,78.4260496258561,2.97587774093252,"4-year","low"
"963",2.25594548493705e+160,"top",84,78.4260496258561,2.97587774093252,"4-year","low"
"964",5.96605167353064e+161,"bottom",84,78.4260496258561,2.97587774093252,"4-year","low"
"965",1.76924892554899e+162,"top",85,78.4260496258561,2.97587774093252,"4-year","low"
"966",4.67893864618736e+163,"bottom",85,78.4260496258561,2.97587774093252,"4-year","low"
"967",1.38755204035598e+164,"top",86,78.4260496258561,2.97587774093252,"4-year","low"
"968",3.66950674462226e+165,"bottom",86,78.4260496258561,2.97587774093252,"4-year","low"
"969",1.08820225175416e+166,"top",87,78.4260496258561,2.97587774093252,"4-year","low"
"970",2.87784918056159e+167,"bottom",87,78.4260496258561,2.97587774093252,"4-year","low"
"971",8.53434037990398e+167,"top",88,78.4260496258561,2.97587774093252,"4-year","low"
"972",2.25698342650452e+169,"bottom",88,78.4260496258561,2.97587774093252,"4-year","low"
"973",6.69314602158297e+169,"top",89,78.4260496258561,2.97587774093252,"4-year","low"
"974",1.77006294211778e+171,"bottom",89,78.4260496258561,2.97587774093252,"4-year","low"
"975",5.24917002041767e+171,"top",90,78.4260496258561,2.97587774093252,"4-year","low"
"976",1.38819044139418e+173,"bottom",90,78.4260496258561,2.97587774093252,"4-year","low"
"977",4.11671668515832e+173,"top",91,78.4260496258561,2.97587774093252,"4-year","low"
"978",1.08870292446919e+175,"bottom",91,78.4260496258561,2.97587774093252,"4-year","low"
"979",3.22857827045816e+175,"top",92,78.4260496258561,2.97587774093252,"4-year","low"
"980",8.53826695822355e+176,"bottom",92,78.4260496258561,2.97587774093252,"4-year","low"
"981",2.53204639659913e+177,"top",93,78.4260496258561,2.97587774093252,"4-year","low"
"982",6.69622548184447e+178,"bottom",93,78.4260496258561,2.97587774093252,"4-year","low"
"983",1.98578396354653e+179,"top",94,78.4260496258561,2.97587774093252,"4-year","low"
"984",5.25158511945057e+180,"bottom",94,78.4260496258561,2.97587774093252,"4-year","low"
"985",1.55737191671329e+181,"top",95,78.4260496258561,2.97587774093252,"4-year","low"
"986",4.11861075192438e+182,"bottom",95,78.4260496258561,2.97587774093252,"4-year","low"
"987",1.22138527226071e+183,"top",96,78.4260496258561,2.97587774093252,"4-year","low"
"988",3.23006371220006e+184,"bottom",96,78.4260496258561,2.97587774093252,"4-year","low"
"989",9.57884219746086e+184,"top",97,78.4260496258561,2.97587774093252,"4-year","low"
"990",2.53321136987679e+186,"bottom",97,78.4260496258561,2.97587774093252,"4-year","low"
"991",7.5123075353631e+186,"top",98,78.4260496258561,2.97587774093252,"4-year","low"
"992",1.9866976060674e+188,"bottom",98,78.4260496258561,2.97587774093252,"4-year","low"
"993",5.89160603573079e+188,"top",99,78.4260496258561,2.97587774093252,"4-year","low"
"994",1.55808845045011e+190,"bottom",99,78.4260496258561,2.97587774093252,"4-year","low"
"995",4.62055387334216e+190,"top",100,78.4260496258561,2.97587774093252,"4-year","low"
"996",1.22194722136474e+192,"bottom",100,78.4260496258561,2.97587774093252,"4-year","low"
